지점,지점명,일시,평균기온(°C),최저기온(°C),최저기온 시각(hhmi),최고기온(°C),최고기온 시각(hhmi),강수 계속시간(hr),10분 최다 강수량(mm),10분 최다강수량 시각(hhmi),1시간 최다강수량(mm),1시간 최다 강수량 시각(hhmi),일강수량(mm),가조시간(hr),합계 일조시간(hr),1시간 최다일사 시각(hhmi),1시간 최다일사량(MJ/m2),합계 일사량(MJ/m2),평균 지면온도(°C),최저 초상온도(°C),평균 5cm 지중온도(°C),평균 10cm 지중온도(°C),평균 20cm 지중온도(°C),평균 30cm 지중온도(°C),0.5m 지중온도(°C),1.0m 지중온도(°C),1.5m 지중온도(°C),3.0m 지중온도(°C),5.0m 지중온도(°C),합계 대형증발량(mm),합계 소형증발량(mm),9-9강수(mm),기사,안개 계속시간(hr)
108,서울,2023-06-01,22.8,19.7,528,26.3,1707,,,,,,,14.6,2.2,1100,2.32,15.18,24.3,17.1,23.5,23.1,22.4,22,21.9,19.1,18,13.8,13.8,3,4.3,,,
108,서울,2023-06-02,20.4,17.9,601,25,1648,.17,0,,0,,0,14.6,5.2,1400,2.85,14.24,23.3,13.9,22.6,22.3,21.7,21.7,21.8,19.2,18.1,13.9,13.8,3,4.3,0,{박무}0655-0735. {이슬비}1310-1320.,
108,서울,2023-06-03,22,16.6,607,27.8,1423,,,,,,,14.6,13.3,1200,3.7,31.19,28.3,10.9,23.1,22.6,21.8,21.5,21.5,19.3,18.2,14,13.8,6.8,9.7,,,
108,서울,2023-06-04,22.1,16.9,537,28,1627,,,,,,,14.6,11.1,1200,3.46,28.74,29.1,11.5,23.6,23.2,22.3,22,21.8,19.4,18.3,14.1,13.9,6.1,8.7,,{박무}0335-{박무}{강도0}0600-0610.,
108,서울,2023-06-05,21.5,17.6,532,26.3,1532,,,,,,,14.6,10.9,1200,3.2,26.6,29.1,11.8,23.9,23.5,22.6,22.3,22.1,19.5,18.4,14.1,13.9,4.9,7.1,,,
108,서울,2023-06-06,20.3,17.3,537,25.2,1335,.92,0,,0,,0,14.7,7.9,1300,3.12,21.98,24.5,12.9,23.7,23.3,22.5,22.3,22.3,19.6,18.5,14.2,13.9,3.8,5.5,0,{소나기}1430-{소나기}{강도0}1500-1525.,
108,서울,2023-06-07,21.4,18.9,332,25.7,1723,1.17,0,,0,,0,14.7,1,1400,1.82,10.07,24.1,16.8,23.2,22.8,22.2,22.1,22.3,19.8,18.6,14.3,13.9,2.2,3.1,0,{이슬비}0930-1040. {연무}1450-{연무}{강도0}1500-1510.,
108,서울,2023-06-08,20.4,18.3,2339,23.9,1613,5.33,.7,2300,1.5,2251,1.9,14.7,.9,1500,1.47,10.19,23.5,14.4,22.5,22.3,21.8,21.8,22.1,19.9,18.7,14.3,13.9,2.2,3.2,3.1,{박무}0320-0415. {비}1155-{비}{강도0}1200-1215. {비}1330-1450. {비}2020-{비}{강도0}2100-{비}{강도0}2400- {박무}2335-{박무}{강도0}2400-,
108,서울,2023-06-09,23.3,18.3,524,28.4,1646,3.42,.5,20,.6,113,1.2,14.7,11.8,1100,3.54,28.15,30.3,15.2,23.9,23.4,22.2,21.8,21.9,19.9,18.8,14.4,13.9,5.3,7.6,,-{비}-{비}{강도0}0300-0325. -{박무}-{박무}{강도0}0300-{박무}{강도0}0600-0610.,
108,서울,2023-06-10,23.2,19.6,2332,28.5,1248,1.83,.6,2258,1.7,2331,.8,14.7,5.6,1100,2.89,18.18,26.6,14.8,24.3,23.9,23,22.6,22.4,19.9,18.9,14.5,14,3.5,5.1,33,[{우박}](d 1.0)(NW 4)/서대문구/조선일보1430-1450. {비}1550-1620. {비}2240-{비}{강도0}2400-,
108,서울,2023-06-11,22.1,17.9,422,27.3,1710,5.42,9.5,355,16.1,312,32.2,14.7,6.4,1100,2.99,21.1,23.6,16,23.5,23.2,22.4,22.3,22.5,20.1,19,14.5,14,3.9,5.6,0,{박무}0005-0130. {박무}0225- -{비}-{비}{강도1}0300-{시정(미만)}{1km}{비}0357-{시정(이상)}{1km}{비}0409-0440. {박무}{강도2}0300-0450. {비}0625-0645. {소나기}1240-1305.,
108,서울,2023-06-12,22.2,18.4,610,27.5,1353,1.92,0,,0,,0,14.7,6.7,1300,2.86,19.9,24.3,14.1,23.8,23.5,22.6,22.4,22.6,20.2,19,14.6,14,3.9,5.5,0,{박무}0430-{박무}{강도0}0600-0705. {비}1630-1650. {비}1715-{비}{강도0}1800-1850.,
108,서울,2023-06-13,22,19.2,556,26,1313,.5,0,,0,,0,14.7,9.9,1300,3.25,25.43,28.2,14.1,24.3,23.9,22.9,22.6,22.6,20.3,19.1,14.7,14,4.4,6.3,,{비}0135-0155. {비}0305-0315. {박무}0550-{박무}{강도0}0600-0620.,
108,서울,2023-06-14,20.6,17.5,508,25,1258,2.25,12.7,1412,30.6,1355,30.6,14.8,4.2,900,1.89,13.12,20.3,13.6,22.6,22.6,22.4,22.5,22.8,20.4,19.2,14.7,14,2.5,3.5,30.6,{박무}0410-0550. {소나기}1335-{소나기}{강도2}1500-1550.,
108,서울,2023-06-15,22.7,17.7,545,28.3,1516,,,,,,,14.8,8.8,1100,3.43,25.05,26.5,14.4,23.4,23.1,22.1,22,22.3,20.6,19.3,14.8,14.1,4.7,6.8,,,
108,서울,2023-06-16,23.7,19.1,501,28.9,1535,,,,,,,14.8,12.5,1200,3.59,29.89,27.8,15.1,24.8,24.4,23.2,22.7,22.7,20.6,19.6,14.9,14.1,6.2,8.8,,{박무}0155-{박무}{강도0}0300-{박무}{강도0}0600-0755.,
108,서울,2023-06-17,24.2,18.9,540,30.2,1515,,,,,,,14.8,10.8,1100,3.39,27.4,28.7,13.3,25.1,24.8,23.8,23.4,23.2,20.7,19.7,15,14.1,5.6,8,,,
108,서울,2023-06-18,25.9,20.8,518,32.6,1636,,,,,,,14.8,12.3,1200,3.48,28.79,31.6,17.6,26.2,25.8,24.5,23.8,23.6,20.8,19.7,15.1,14.1,6.4,9.1,,,
108,서울,2023-06-19,28.5,23.3,353,34,1455,,,,,,,14.8,11,1200,3.23,25.29,32.8,18.6,27.2,26.8,25.4,24.6,24.1,21,19.8,15.2,14.2,5.3,7.6,,,
108,서울,2023-06-20,24.7,21.4,2356,26.4,1040,6.83,2.3,2352,6.4,2331,6.4,14.8,0,1000,.69,5.89,23.7,19,25.5,25.5,24.9,24.8,24.7,21.3,19.9,15.2,14.2,1.7,2.4,30.4,{비}1215-{비}{강도0}1500-1630. {비}2125-{비}{강도1}2400-,
108,서울,2023-06-21,20.5,19.2,344,22.1,1522,14.67,3.3,339,8.4,302,24.9,14.8,0,1200,.81,4.79,21.9,17.9,23,23.1,22.8,23.2,24,21.5,20.1,15.3,14.2,1.4,2,.9,{박무}0010-{박무}{강도1}0300-{박무}{강도1}0600-0850. -{비}-{비}{강도0}0300-{비}{강도0}0600-{비}{강도0}0900-{비}{강도0}1200-1255. {박무}0905-1130. {박무}1205-1245. {이슬비}1325-1415. {박무}1340-1410. {비}1425-1450. {비}1825-1855.,
108,서울,2023-06-22,22.5,18.9,524,26.4,1529,.25,0,,0,,0,14.8,6.9,1000,2.74,21.48,26.2,17.8,23.8,23.5,22.6,22.6,23.2,21.5,20.2,15.4,14.2,3.5,4.9,0,{소나기}1750-{소나기}{강도0}1800-1805. {박무}2255-{박무}{강도0}2400-,
108,서울,2023-06-23,24.4,20,309,29.9,1650,,,,,,,14.8,5.3,1400,3.15,18.74,26.2,17.6,24.8,24.5,23.4,23.1,23.5,21.5,20.3,15.4,14.3,3.9,5.6,,-{박무}-0125. {박무}0505-{박무}{강도0}0600-0830.,
108,서울,2023-06-24,26.4,21.9,514,31.1,1540,,,,,,,14.8,9.7,1100,2.81,21.93,27.4,19.3,25.8,25.5,24.2,23.8,23.8,21.5,20.4,15.5,14.3,4.3,6.2,,,
108,서울,2023-06-25,28.2,22.8,545,33.1,1529,,,,,,,14.8,8.7,1100,3.29,23.62,30.8,19.7,27,26.6,25.2,24.6,24.3,21.6,20.5,15.5,14.3,4.8,6.9,14.9,,
108,서울,2023-06-26,24.2,22.3,606,27.5,1,13.25,4.2,554,11.1,517,30.3,14.8,0,1500,.59,3.39,24,20.9,25.4,25.4,24.8,24.8,24.9,21.8,20.6,15.6,14.3,1.2,1.7,17.9,{비}0325-{시정(미만)}{1km}{비}0558-{비}{강도1}0600-{시정(이상)}{1km}{비}0609-{비}{강도0}0900-1030. {비}1320-{비}{강도1}1500-1525. {박무}1405-{박무}{강도0}1500-1530. {비}1845-2040. {비}2110-2320.,
108,서울,2023-06-27,25.3,21.4,525,29.1,1657,2.5,1,153,2.5,113,2.5,14.8,6.8,1200,3.08,20.95,27.6,20.6,25.8,25.5,24.3,24.1,24.4,22,20.7,15.7,14.4,4.1,5.9,0,{비}0010-0240.,
108,서울,2023-06-28,26.5,24.2,447,30.1,1453,.5,0,,0,,0,14.8,3.8,1400,2.79,18.56,28.5,23.3,27,26.6,25.2,24.8,24.7,22.2,20.9,15.8,14.4,3.6,5.1,3.9,{소나기}0010-0020. {박무}0105-{박무}{강도0}0300-{박무}{강도0}0600-0840. {소나기}0650-0710. {박무}2040-{박무}{강도0}2100-{박무}{강도0}2400-,
108,서울,2023-06-29,24.2,23.2,2343,25.9,7,17.83,11.2,1115,33.8,1042,63.8,14.8,0,1200,.58,2.31,24.6,22.8,25.8,25.7,25,25,25.2,22.3,21.1,16,14.4,.6,.9,60.5,-{박무}-{박무}{강도0}0300-{박무}{강도0}0600-{박무}{강도2}0900-1155. {이슬비}0340-0355. {비}0625-{비}{강도0}0900-{시정(미만)}{1km}{비}1050-{시정(이상)}{1km}{비}1055-{시정(미만)}{1km}{비}1110-{시정(미만)}{0.5km}{비}1121-{시정(이상)}{0.5km}{비}1132-{시정(이상)}{1km}{비}1139-{비}{강도2}1200-{비}{강도1}1500-{비}{강도0}1800-{시정(미만)}{1km}{비}1920-{시정(이상)}{1km}{비}1935-{비}{강도0}2100-{이슬비}2210-{이슬비}{강도0}2400- {박무}1310-{박무}{강도1}1500-1605. {박무}1645-{박무}{강도1}1800-{박무}{강도2}2100-{시정(미만)}{1km}{안개}2330-{안개}{강도0}2400-,.5
108,서울,2023-06-30,25.3,23.2,1,29.1,1603,11.92,.2,,.4,7,1,14.7,1.4,1500,2.1,10.02,26.5,22.2,25.7,25.4,24.4,24.4,25,23,22,17.2,14.5,2.3,3.3,.4,-{박무}-{시정(이상)}{1km}{박무}0033-{시정(미만)}{1km}{안개}0153-{안개}{강도0}0300-{시정(이상)}{1km}{박무}0332-{박무}{강도2}0600-{박무}{강도0}0900-1050. -{이슬비}-{이슬비}{강도1}0300-{이슬비}{강도0}0600-{이슬비}{강도0}0900-0930. {이슬비}1055-{비}1120-{비}{강도0}1200-1245. {박무}1115-{박무}{강도0}1200-{박무}{강도0}1500-1705. {비}1335-1410. {박무}2330-{박무}{강도0}2400-,2.2
108,서울,2023-07-01,27.7,23.3,321,32.9,1459,,,,,,,14.7,12.4,1300,3.6,29.21,31.2,20.3,27.6,27.2,25.6,25.1,25,22.9,22,17.2,14.5,5.7,8.1,,-{박무}-0010. {박무}0205-{박무}{강도0}0300-{박무}{강도0}0600-0755.,
108,서울,2023-07-02,26.7,23.5,543,30.6,1617,,,,,,,14.7,4.3,1300,2.36,19.16,28.4,20.3,27.7,27.4,26.2,25.8,25.7,23,22,17,14.5,3.6,5.1,,,
108,서울,2023-07-03,29.1,24.1,524,34.9,1616,,,,,,,14.7,8.8,1300,3.38,25.34,31.8,20.6,28.5,28.1,26.6,26.1,25.9,23.1,21.9,16.9,14.6,5.4,7.7,,,
108,서울,2023-07-04,26.1,24.5,2004,29.2,1239,10.5,11.1,1954,28.5,1921,61.8,14.7,0,1000,1.23,6.08,26.4,22.6,27.3,27.3,26.6,26.5,26.4,23.2,22,16.8,14.6,1.4,2,77.1,{박무}0205-{박무}{강도0}0300-{박무}{강도0}0600-0830. {비}1255-{비}{강도1}1500-{비}{강도0}1800-{시정(미만)}{1km}{비}1858-{시정(이상)}{1km}{비}1909-{시정(미만)}{1km}{비}1929-{시정(이상)}{1km}{비}1938-{시정(미만)}{1km}{비}1958-{시정(이상)}{1km}{비}2022- {박무}1350-{박무}{강도0}1500-1630. {비}{강도1}2100-2245. {비}2320-{비}{강도0}2400-,
108,서울,2023-07-05,24.5,22.1,648,27.1,1308,6.08,6.9,30,13.8,24,15.3,14.7,4.5,1200,3.15,19.96,27.3,20.4,26.5,26.3,25.4,25.5,26.2,24,22.9,17.6,14.7,4,5.7,,-{비}-{시정(미만)}{1km}{비}0036-{시정(이상)}{1km}{비}0045-{비}{강도0}0300-0440. {비}0505-{비}{강도0}0600-0630. {박무}2120-2205.,
108,서울,2023-07-06,27.3,22.4,545,31.8,1435,,,,,,,14.7,8.8,1200,3.4,25.47,29.6,19.7,27.5,27.1,25.9,25.7,26.1,24,23,18.1,14.7,5.3,7.6,,{박무}0205-{박무}{강도0}0300-0330.,
108,서울,2023-07-07,26.7,23.3,2345,31.4,1447,,,,,,,14.7,8.7,1100,3.28,23.96,29.3,19.7,27.9,27.7,26.5,26.2,26.4,24,22.9,17.8,14.8,5.3,7.6,,,
108,서울,2023-07-08,25.6,22.4,346,29.7,1541,,,,,,,14.6,1.6,1300,3.34,13.93,27.1,19.1,27.3,27.1,26.1,26.1,26.5,24,22.9,17.6,14.8,3,4.3,0,,
108,서울,2023-07-09,24.7,21.6,1208,27,849,7.17,18.1,1044,24.6,1027,47.5,14.6,1.1,1500,2.17,8.07,27.1,20.4,25.9,25.9,25.3,25.6,26.3,24,22.9,17.5,14.9,1.4,2,59,{비}0655-0830. {비}0915-{시정(미만)}{1km}{비}1049-{시정(미만)}{0.5km}{비}1050-{시정(이상)}{0.5km}{비}1100-{시정(이상)}{1km}{비}1102-{시정(미만)}{1km}{비}1159-{비}{강도1}1200-{시정(이상)}{1km}{비}1213-1450. {박무}2320-2355.,
108,서울,2023-07-10,26.3,22.9,626,30.9,1518,.67,10.8,540,11.5,530,11.5,14.6,5.9,1300,3.23,18.41,27.8,21.1,26.6,26.3,25.2,25.1,25.8,24.3,23.3,17.9,14.9,3.7,5.3,2.2,{박무}0020-{박무}{강도0}0300-0555. {비}0530-{비}{강도1}0600-0610. {박무}0750-0845.,
108,서울,2023-07-11,23.5,21.6,1733,25.9,807,11.83,6.1,1014,15.4,952,58.3,14.6,0,1200,.43,2.21,23.7,20.7,25.6,25.6,25.1,25.4,26.1,24.2,23.5,18.3,14.9,.7,.9,56.8,{이슬비}0715-0750. {비}0810-{비}{강도0}0900-1150. {비}1220-{비}{강도0}1500-{비}{강도1}1800-1940. {박무}2135-{박무}{강도0}2400- {비}2345-{비}{강도0}2400-,
108,서울,2023-07-12,25.8,22,1,29.1,1552,5.17,.4,355,.5,325,.7,14.6,1.2,1300,2.05,12.34,27.1,22,25.7,25.4,24.4,24.6,25.5,24.5,24.1,19.6,15,2.3,3.2,.1,-{비}-0130. -{박무}-{박무}{강도0}0300-{박무}{강도1}0600-{박무}{강도0}0900-0950. {비}0325-{비}{강도0}0600-0645. {비}2125-2135. {비}2350-{비}{강도0}2400-,
108,서울,2023-07-13,25.2,24.7,1215,26.5,943,20.67,11.9,1441,35,1359,91.6,14.6,0,800,.35,2.63,25.2,24.1,25.7,25.6,24.9,25.1,25.7,24.3,24,19.4,15.2,.6,.8,152.3,{박무}0205-{박무}{강도0}0300-{박무}{강도1}0600-{박무}{강도0}0900-{박무}{강도1}1200-1250. -{비}-{비}{강도0}0300-0345. {비}0455-0540. {비}0750-{비}{강도0}0900-{비}{강도1}1200-{시정(미만)}{1km}{비}1408-{시정(미만)}{0.5km}{비}1409-{시정(이상)}{0.5km}{비}1415-{시정(미만)}{0.5km}{비}1441-{시정(이상)}{0.5km}{비}1456-{시정(이상)}{1km}{비}1457-{비}{강도2}1500-{비}{강도1}1800-{비}{강도1}2100-{시정(미만)}{1km}{비}2354-{비}{강도1}2400-,
108,서울,2023-07-14,24.6,23.9,206,25.1,1026,24,5.5,11,20.3,-2335,72.7,14.5,0,1200,.27,1.52,24.4,23.4,24.7,24.6,24,24.4,25.5,24.9,24.9,22.3,15.4,.4,.6,13.4,-{비}-{시정(이상)}{1km}{비}0025-{시정(미만)}{1km}{비}0123-{시정(이상)}{1km}{비}0140-{비}{강도1}0300-{시정(미만)}{1km}{비}0339-{시정(이상)}{1km}{비}0358-{비}{강도0}0600-{이슬비}0750-{이슬비}{강도0}0900-{비}1030-{비}{강도0}1200-{비}{강도0}1500-{시정(미만)}{1km}{비}1623-{시정(이상)}{1km}{비}1635-{이슬비}1750-{이슬비}{강도0}1800-{비}1830-{이슬비}2040-{이슬비}{강도0}2100-{비}2250-{이슬비}2320-{이슬비}{강도0}2400- {박무}0740-{박무}{강도1}0900-{박무}{강도0}1200-1245. {박무}1340-{박무}{강도1}1500-{박무}{강도1}1800-{박무}{강도1}2100-{박무}{강도1}2400-,
108,서울,2023-07-15,24.5,23.7,2358,25.7,1211,14.25,.4,240,.6,203,2.3,14.5,0,1100,.84,3.16,24.6,22.6,25.1,24.9,24.2,24.3,25.3,24.7,24.8,21.5,16.1,1,1.4,.9,-{안개}-{시정(미만)}{1km}{안개}0057- {시정(미만)}{0.5km}{안개}0127-{시정(이상)}{0.5km}{안개}0200-{시정(이상)}{1km}{박무}0252-{박무}{강도2}0300-{박무}{강도2}0600-{박무}{강도0}0900-0945. -{비}-{비}0240-{비}{강도0}0300-{비}{강도0}0600-{비}{강도0}0900-0955. {비}1050-1155. {이슬비}1430-{비}1445-{비}{강도0}1500-1730. {박무}1435-{박무}{강도0}1500-1725. {비}2040-2055.,1.92
108,서울,2023-07-16,24.6,23.7,1,25.4,1745,2.92,9.3,1229,9.6,1155,9.7,14.5,0,1300,.7,5.31,24.9,22.5,25,24.8,24,24.2,25.2,24.5,24.5,20.6,16.3,1.2,1.7,9.6,{박무}0450-{박무}{강도0}0600-{박무}{강도0}0900-1125. {비}0535-0550. {비}0610-0730. {비}1155-{비}{강도0}1200-1315.,
108,서울,2023-07-17,25.5,23.7,446,27.8,1437,3.75,.8,2340,1.5,2330,1.4,14.5,.4,1400,1.84,10.78,27.2,22.6,25.7,25.4,24.4,24.4,25.2,24.4,24.3,20,16.2,2,2.9,2,{비}0615-0645. {비}0720-0745. {비}0945-1005. {비}1410-1430. {비}1535-1715. {비}2330-{비}{강도0}2400-,
108,서울,2023-07-18,25.2,24.1,527,27.7,1721,12.67,.5,115,.8,1046,2.3,14.5,2,1700,1.21,7.94,26.1,21.2,26,25.8,24.9,24.9,25.5,24.3,24.2,19.7,16.1,1.9,2.7,1.7,{박무}0130-{박무}{강도0}0300-{박무}{강도0}0600-0830. -{비}-0235. {비}0405-{비}{강도0}0600-{비}{강도0}0900-{비}{강도0}1200-1410.,
108,서울,2023-07-19,27.2,22.5,527,32.4,1629,,,,,,,14.4,11.5,1300,3.46,26.41,29.6,19.3,27.3,26.8,25.4,25.1,25.5,24.2,24.1,19.5,16,4.9,7,,,
108,서울,2023-07-20,27.9,24,549,32.8,1547,,,,,,,14.4,9.9,1300,3.15,24.17,30.2,20.3,28.2,27.9,26.5,26.1,26.1,24.3,24,19.4,16,4.9,7.1,,{박무}0420-{박무}{강도0}0600-{박무}{강도0}0900-1030.,
108,서울,2023-07-21,29.5,24.6,554,34.3,1628,,,,,,,14.4,10.2,1100,3.26,23.64,30.9,21.4,28.8,28.4,27,26.6,26.6,24.4,23.9,19.3,15.9,5.1,7.3,,{박무}0615-{박무}{강도0}0900-1020.,
108,서울,2023-07-22,27.7,24.6,2142,32.5,1227,7.08,6.2,1843,10.1,1823,12.3,14.4,6.4,1100,3.37,17.66,29.2,22.8,28.7,28.6,27.5,27.1,27.1,24.6,23.9,19.2,15.9,3.4,4.9,37.2,{비}1515-1555. {비}1735-{비}{강도0}1800-{비}{강도0}2100-{비}{강도0}2400-,
108,서울,2023-07-23,25.2,24.5,752,25.8,1515,19,2.1,729,9.1,657,40.2,14.4,0,1200,.37,2.37,25.3,23.8,26.5,26.5,26,26.3,27,24.7,23.9,19.2,16,.8,1.1,15.7,-{비}-{비}{강도0}0300-{비}{강도0}0600-{비}{강도1}0900-{비}{강도0}1200-1455. {비}1710-1755. {비}1955-{비}{강도0}2100-2315.,
108,서울,2023-07-24,26.9,24.6,521,30,1527,2.08,.3,52,.4,30,.4,14.3,3.2,1200,2.48,14.08,29,23.7,27.3,27,25.9,25.8,26.6,25.1,24.3,19.6,16,2.8,4,.1,{박무}0020-0210. {비}0030-0150. {박무}0330-0420. {비}1045-1130.,
108,서울,2023-07-25,27.8,25.8,428,30.5,1432,1.75,5.2,2127,5.5,,5.6,14.3,3.5,1100,2.57,16.84,28.9,23.7,28.2,27.9,26.7,26.4,26.8,25,24.4,19.8,16,3.5,4.9,5.5,{비}0130-0205. {비}0225-0240. {소나기}1755-{소나기}{강도0}1800-1815. {비}2120-2145. {비}2225-2235.,
108,서울,2023-07-26,27.6,24.9,606,31.1,1539,2.67,.8,950,1,915,1,14.3,3,1100,2.59,15.79,28.7,24,28.4,28.1,26.9,26.7,27,25,24.4,19.7,16,3.3,4.7,1,{비}0630-0705. {소나기}0915-1005. {소나기}1815-1835. {소나기}1845-1940.,
108,서울,2023-07-27,28.4,24.4,539,32.2,1300,.25,0,,0,,0,14.3,6.8,1100,3,18.25,29,23,28.8,28.5,27.2,26.9,27.2,25.1,24.3,19.6,16.1,3.8,5.4,0,{소나기}1610-1625.,
108,서울,2023-07-28,29.5,25.4,536,34.1,1416,,,,,,,14.2,9.5,1300,3.04,23.36,31.2,22.5,29.4,29,27.6,27.3,27.4,25.2,24.4,19.5,16.1,4.9,7,,,
108,서울,2023-07-29,29.1,26.1,442,33.3,1527,,,,,,,14.2,6.8,1400,2.22,18.5,31.3,22.6,29.2,29,27.8,27.6,27.7,25.3,24.4,19.4,16.1,4.2,6,,,
108,서울,2023-07-30,28.8,24.9,550,34.9,1555,3.17,6.1,1815,20,1801,25,14.2,9.1,1200,3.28,21.99,32,21.4,29,28.8,27.8,27.6,27.7,25.4,24.4,19.4,16.2,4.4,6.3,25,{소나기}1745-{소나기}{강도0}1800-{시정(미만)}{1km}{소나기}1858-{시정(이상)}{1km}{소나기}1904-2055.,
108,서울,2023-07-31,28.7,25.6,3,33.4,1440,.67,.3,1513,.3,1455,.3,14.1,6.5,1100,2.99,20.26,30.1,23.7,29.3,28.9,27.7,27.5,27.8,25.5,24.5,19.4,16.2,4.2,6,.3,{소나기}1455-{소나기}{강도0}1500-1535.,
108,서울,2023-08-01,29.9,25.5,536,34.2,1646,,,,,,,14.1,10.3,1200,3.44,21.25,30.8,23,29.7,29.4,28,27.8,27.9,25.6,24.6,19.5,16.2,4.3,6.2,,,
108,서울,2023-08-02,29.7,26.8,519,33.7,1436,,,,,,,14.1,11.2,1200,3.19,24.81,32.6,22.8,29.9,29.7,28.4,28.1,28.2,25.8,24.6,19.5,16.3,5.4,7.7,,,
108,서울,2023-08-03,29.5,25.8,615,33.8,1446,,,,,,,14,11,1200,3.19,25.4,33.5,22.3,29.8,29.6,28.3,28.1,28.3,25.9,24.7,19.5,16.3,5.4,7.7,,,
108,서울,2023-08-04,30,26.5,520,34.4,1634,,,,,,,14,9.6,1000,2.92,23.13,34.8,23,30,29.8,28.6,28.3,28.3,26,24.8,19.5,16.3,5.2,7.5,,,
108,서울,2023-08-05,30.3,26.4,611,34.9,1548,,,,,,,14,12.7,1200,3.49,27.31,36.7,22.6,30.5,30.2,28.9,28.5,28.5,26.1,24.9,19.6,16.4,5.6,8,,,
108,서울,2023-08-06,29.8,27,1606,33,1403,1.58,3.7,1556,4.9,1511,4.9,13.9,3.8,1300,1.64,12.95,31.9,24.1,30.2,30,28.9,28.7,28.7,26.2,25,19.6,16.4,3.1,4.4,4.9,{소나기}1450-{소나기}{강도0}1500-1625.,
108,서울,2023-08-07,30.4,27.3,540,34.6,1546,,,,,,,13.9,5.8,900,2.37,15.83,30.4,24.9,29.7,29.5,28.4,28.3,28.6,26.3,25.1,19.6,16.5,4.2,6,,,
108,서울,2023-08-08,30.9,26.4,553,35.8,1600,,,,,,,13.9,11,1200,3.2,23.96,35.3,23.2,30,29.7,28.5,28.3,28.6,26.4,25.2,19.7,16.5,5.8,8.3,,,
108,서울,2023-08-09,28.3,25.1,2358,31.6,1102,1.58,.2,,.2,,.2,13.9,3.3,1000,2.26,13.66,30.8,23,29.5,29.4,28.5,28.5,28.8,26.5,25.3,19.7,16.5,3.2,4.6,5.2,{비}2225-{비}{강도0}2400-,
108,서울,2023-08-10,22.2,20.9,1954,25.1,1,24,3.7,1635,13.6,1618,86.1,13.8,0,900,.36,2.42,22.8,20.6,25.5,25.9,26.2,27.1,28.4,26.5,25.3,19.8,16.6,.7,1,100.2,-{비}-{비}{강도0}0300-{비}{강도0}0600-{비}{강도0}0900-{비}{강도1}1200-{비}{강도1}1500-{비}{강도1}1800-{비}{강도0}2100-{비}{강도0}2400- {박무}0940-{박무}{강도0}1200-{박무}{강도1}1500-{박무}{강도2}1800-{박무}{강도0}2100-{박무}{강도0}2400-,
108,서울,2023-08-11,23.5,21.6,1,24.9,1703,21.5,3.4,1116,13.6,1035,46.7,13.8,0,1400,.61,3.94,23.5,21.7,23.9,24.1,23.8,24.6,26.5,26.7,26,20.2,16.6,.9,1.3,27.8,-{박무}-0040. {박무}0125-{박무}{강도1}0300-{박무}{강도0}0600-0850. -{비}-{비}{강도0}0300-{비}{강도1}0600-{비}{강도0}0900-{비}{강도1}1200-{비}{강도0}1500-1730. {비}1910-{비}{강도0}2100-2255. {비}2345-{비}{강도0}2400-,
108,서울,2023-08-12,23.3,22.5,2247,24.1,1,14.42,.5,1524,1.2,1438,1.5,13.7,.1,1700,.67,4.19,23.9,20.9,24.6,24.8,24.2,24.6,26,26.3,26.6,22.1,16.7,1.1,1.6,1.3,-{비}-{비}{강도0}0300-{비}{강도0}0600-0630. {비}0705-0750. {비}0835-{비}{강도0}0900-{비}{강도0}1200-1205. {비}1330-{비}{강도0}1500-1710.,
108,서울,2023-08-13,27,22.6,1,31.1,1745,,,,,,,13.7,2.7,1200,2.8,17.49,27.4,21.8,26,25.9,24.9,24.9,25.9,26,26.3,21.8,16.8,3.4,4.8,,,
108,서울,2023-08-14,28.1,24.8,602,31.9,1425,,,,,,,13.7,3.9,1200,2.23,13.71,28.2,21.9,27.2,27.1,26.1,26,26.5,25.8,26,21.4,16.9,3.1,4.5,,{박무}0335-{박무}{강도0}0600-0650.,
108,서울,2023-08-15,28.6,24.7,612,32.7,1503,,,,,,,13.7,7.7,1400,3.05,21.84,30.9,22.1,27.6,27.5,26.5,26.4,26.8,25.7,25.8,21.1,16.9,4.4,6.3,,,
108,서울,2023-08-16,27.3,24.7,540,31.6,1352,.92,.3,1715,.3,1710,.3,13.6,3.7,1200,3.37,15.46,28.1,21.9,27.9,27.8,26.9,26.8,27.2,25.8,25.6,21,17,3.3,4.8,.3,{소나기}1545-1610. {소나기}1710-1740.,
108,서울,2023-08-17,28.2,24.5,615,32.4,1349,,,,,,,13.6,6.2,1100,3.06,18.24,29.8,21.2,27.7,28,27,26.8,27.3,25.8,25.6,20.9,17,3.8,5.5,,,
108,서울,2023-08-18,29.1,25.5,547,33.3,1413,.67,.1,,.1,,.1,13.5,7.3,1100,3.01,19.56,32.1,22.9,28.2,28.5,27.4,27.2,27.5,25.9,25.5,20.8,17,4.1,5.8,.1,{소나기}1610-1635. {소나기}1940-1955.,
108,서울,2023-08-19,29.1,26.4,620,33.6,1528,,,,,,,13.5,9.1,1100,2.96,21.24,32.8,23,28.2,28.9,27.9,27.6,27.8,26,25.5,20.8,17.1,4.4,6.2,,,
108,서울,2023-08-20,28.3,25.5,459,31.8,1348,1.83,0,,0,,0,13.5,3.6,1300,2.92,15.87,31.3,22.3,28.2,28.6,27.7,27.6,27.9,26.1,25.5,20.8,17.1,3.6,5.1,0,{비}0920-1110.,
108,서울,2023-08-21,29.5,26,614,33.6,1402,1.17,0,,0,,0,13.4,6.4,1100,2.75,19.04,32.6,22.8,28.8,28.8,27.8,27.6,27.9,26.1,25.5,20.8,17.1,4.2,6,.3,{비}0340-0410. {비}0505-0520. {소나기}1515-1540.,
108,서울,2023-08-22,27.6,25.8,2220,32.2,1356,7.75,21.5,1703,29,1703,42.6,13.4,1.3,1300,2.58,10.5,28.1,24.2,27.6,28.5,27.6,27.6,28.1,26.2,25.5,20.8,17.2,2.4,3.4,42.4,{비}0415-0440. {비}0845-{비}{강도0}0900-1120. {비}1450-{비}{강도0}1500-1555. {비}1635-{비}{강도2}1800-1830. {비}2010-2030. {비}2105-2230.,
108,서울,2023-08-23,24.8,23.2,2400,27.2,932,17.58,9.7,1200,15.6,1154,41.8,13.4,.1,900,.61,3.33,25.8,23,25.6,27,26.6,27,27.9,26.3,25.6,20.8,17.2,1,1.4,46.9,{비}0050-0220. {비}0255-{비}{강도0}0300-0440. {비}0520-{비}{강도0}0600-0740. {비}0855-{비}{강도0}0900-0905. {비}1005-{비}{강도1}1200-{시정(미만)}{1km}{비}1204-{시정(미만)}{0.5km}{비}1208-{시정(이상)}{0.5km}{비}1216-{시정(이상)}{1km}{비}1217-{시정(미만)}{1km}{비}1444-{시정(이상)}{1km}{비}1450-{비}{강도1}1500-{비}{강도0}1800-1820. {비}1930-{비}{강도0}2100-2305.,
108,서울,2023-08-24,25.1,22.3,434,27.8,1419,4.33,1.2,346,4.3,336,5.2,13.3,1.5,1300,2.32,12.56,27.4,22.3,25.9,26.4,25.8,26.2,27.3,26.5,26.1,21.5,17.2,2.4,3.5,0,{비}0310-{비}{강도0}0600-0710. {비}1450-{비}{강도0}1500-1510.,
108,서울,2023-08-25,26.5,24,555,30,1618,.17,0,,0,,0,13.3,8.3,1300,2.92,20.42,29.3,21.3,26.9,27.4,26.5,26.5,27.3,26.4,26.2,21.7,17.3,4.2,6,,{비}0335-0345.,
108,서울,2023-08-26,26.4,23.3,636,30.3,1545,,,,,,,13.2,7.3,1200,2.73,19.84,29.3,19.5,27.1,27.5,26.7,26.7,27.4,26.3,26.1,21.6,17.3,4,5.7,,{박무}0525-{박무}{강도0}0600-0635.,
108,서울,2023-08-27,26.1,22.7,505,29.6,1613,5.67,0,,0,,0,13.2,1.2,1000,1.47,12,27,19.4,26.4,27,26.5,26.7,27.4,26.3,26,21.4,17.4,2.4,3.4,6.1,{비}1805-{비}{강도0}2100-2255. {비}2310-{비}{강도0}2400-,
108,서울,2023-08-28,22.7,20.8,853,25.6,1,20.67,.7,801,2.9,722,10.4,13.2,0,1200,.61,3.99,23.1,20.8,25,25.8,25.6,26.1,27.2,26.2,25.9,21.3,17.4,1.2,1.7,7,-{비}-{비}{강도0}0300-{비}{강도0}0600-{비}{강도0}0900-{비}{강도0}1200-1450. {비}1510-1525. {비}1710-{비}{강도0}1800-1850. {비}1930-{비}{강도0}2100-2150. {비}2225-{비}{강도0}2400-,
108,서울,2023-08-29,23.9,22.5,2034,25.5,1029,16.92,7,1131,27.2,1058,54.8,13.1,0,1500,.55,2.87,24.3,21.6,24.2,25,24.7,25.2,26.6,26.1,25.9,21.3,17.5,.7,1.1,52.4,-{비}-0115. {비}0205-{비}{강도0}0300-0505. {비}0635-{비}{강도0}0900-{시정(미만)}{1km}{비}1120-{시정(미만)}{0.5km}{비}1136-{시정(이상)}{0.5km}{비}1156-{비}{강도2}1200-{시정(이상)}{1km}{비}1203-{시정(미만)}{1km}{비}1222-{시정(미만)}{0.5km}{비}1229-{시정(이상)}{0.5km}{비}1233-{시정(이상)}{1km}{비}1238-{시정(미만)}{1km}{비}1257-{시정(이상)}{1km}{비}1304-{비}{강도0}1500-{비}{강도0}1800-1915.,
108,서울,2023-08-30,22.8,21.5,2353,24.5,1230,10.42,1.4,1618,2.3,1616,3.5,13.1,0,1100,1.09,4.42,23.5,20.6,24.2,24.8,24.4,24.8,26.1,26.1,26.2,22.3,17.5,1,1.5,3.2,{비}0510-0535. {비}0715-{비}{강도0}0900-0935. {비}1010-1025. {비}1250-{비}{강도0}1500-{비}{강도0}1800-1925. {무지개}1850-1915. {박무}2040-{박무}{강도0}2100-2230. {비}2135-2225.,
108,서울,2023-08-31,23.9,21,547,28.9,1534,,,,,,,13.1,7,1300,3.23,18.53,26,17.6,25.3,25.2,24.6,24.8,25.9,25.9,26.1,22.2,17.6,3.8,5.4,,{박무}0350-{박무}{강도0}0600-0830.,
108,서울,2023-09-01,24.5,19.7,610,29.6,1543,,,,,,,13,12.1,1300,3.17,24.59,26.8,15.2,25.4,25.3,24.7,24.9,25.9,25.7,25.9,22,17.6,5.1,7.2,,,
108,서울,2023-09-02,25.4,19.7,639,30.8,1536,,,,,,,13,11.3,1200,3.39,23.72,28.1,14.3,25.6,25.6,25,25.2,25.9,25.6,25.8,21.8,17.7,4.7,6.7,.1,,
108,서울,2023-09-03,25.8,23.1,749,28.8,1414,2.75,.1,,.1,,.1,12.9,1.9,1200,2.91,12.19,26.3,20.3,26.2,26.1,25.4,25.4,26,25.5,25.7,21.7,17.7,2.5,3.6,.3,{비}0310-0335. {비}0405-0410. {비}0715-{비}{강도0}0900-0930.,
108,서울,2023-09-04,27,24.3,625,30.2,1607,2.5,.1,,.2,,.3,12.9,.7,1200,1.67,10.24,27.5,22.5,26.8,26.6,25.8,25.7,26.2,25.5,25.6,21.6,17.8,2.2,3.2,0,{비}0055-0110. {비}0305-0520.,
108,서울,2023-09-05,28.5,25,707,32.8,1440,.17,0,,0,,0,12.9,7,1100,2.98,19.14,30.1,22.4,27.6,27.4,26.4,26.2,26.5,25.5,25.5,21.6,17.8,4.1,5.8,,{비}0245-0255.,
108,서울,2023-09-06,27.9,24,635,32.1,1550,,,,,,,12.8,11.3,1300,3.13,22.64,31.7,20,27.7,27.6,26.7,26.6,26.8,25.5,25.5,21.6,17.8,5.1,7.4,,,
108,서울,2023-09-07,26.3,20.9,643,31.6,1501,,,,,,,12.8,12.1,1200,3.27,24.56,30.5,14.9,26.8,26.9,26.4,26.4,26.8,25.6,25.4,21.5,17.9,6,8.5,,,
108,서울,2023-09-08,25.3,19.6,622,30.5,1432,,,,,,,12.7,12,1200,3.22,24.13,30.1,12.8,26.2,26.2,25.8,26,26.6,25.6,25.4,21.5,17.9,5.3,7.5,,,
108,서울,2023-09-09,25.8,20.8,627,31.2,1555,,,,,,,12.7,10.9,1200,3.13,22.64,30.5,15.1,26.5,26.3,25.7,25.9,26.4,25.6,25.4,21.5,17.9,4.5,6.4,,,
108,서울,2023-09-10,25.7,22,616,29.6,1445,,,,,,,12.7,5.7,1000,2.27,14.57,29.6,16.7,26.3,26.3,25.7,25.8,26.4,25.6,25.4,21.5,18,3,4.3,,,
108,서울,2023-09-11,25.5,23.1,617,29.8,1533,,,,,,,12.6,5.1,1000,2.41,14.79,28.7,18.9,26,26.1,25.6,25.8,26.3,25.5,25.4,21.5,18,3.4,4.8,,,
108,서울,2023-09-12,25.7,21.7,642,29.8,1419,,,,,,,12.6,3.5,1300,1.99,12.52,28.9,15.3,25.7,25.9,25.3,25.5,26.2,25.5,25.4,21.5,18,2.6,3.7,0,,
108,서울,2023-09-13,22.1,19.6,2112,24.6,1,15.75,.8,1635,2.9,1556,15.9,12.5,0,1300,.5,3.35,22.7,18.7,24.6,25.1,24.9,25.3,26.1,25.4,25.4,21.5,18.1,1,1.5,15.9,{비}0555-{비}{강도0}0600-{비}{강도0}0900-{비}{강도0}1200-{비}{강도0}1500-{비}{강도0}1800-{비}{강도0}2100-2140. {박무}1550-{박무}{강도0}1800-1915.,
108,서울,2023-09-14,23.4,19.2,610,27.2,1148,,,,,,,12.5,4.2,1100,2.76,13.7,24,16.1,24,24.2,23.9,24.4,25.6,25.4,25.4,21.5,18.1,3,4.3,1.9,,
108,서울,2023-09-15,22.3,20.3,709,24.3,1544,12.17,.4,543,.9,705,2.1,12.5,.1,1400,.82,5.35,22.6,18.9,23.7,24.1,23.8,24.3,25.4,25.3,25.3,21.5,18.1,1.3,1.9,.5,{비}0215-{비}{강도0}0300-0320. {비}0515-{비}{강도0}0600-{비}{강도0}0900-{비}{강도0}1200-1415. {비}1510-1520. {비}2205-{비}{강도0}2400-,
108,서울,2023-09-16,23.9,22,233,26.6,1442,9.75,8.1,2131,28,2101,38.7,12.4,.1,1200,1.12,6.3,24.7,21.1,24.4,24.6,24,24.2,25.3,25.1,25.3,21.5,18.2,1.3,1.8,41.4,-{비}-0150. {비}0330-0410. {비}1405-1410. {비}1650-{비}{강도0}1800-{비}{강도0}2100-{시정(미만)}{1km}{비}2129-{시정(미만)}{0.5km}{비}2133-{시정(이상)}{0.5km}{비}2148-{시정(이상)}{1km}{비}2202-{시정(미만)}{1km}{비}2347-{시정(이상)}{1km}{비}2358-{비}{강도1}2400-,
108,서울,2023-09-17,24.7,22,416,28,1524,2.08,1.8,1,11.4,-2331,3,12.4,3.3,1400,1.92,12.49,26.3,20,24.8,24.8,24.2,24.3,25.2,25,25.2,21.5,18.2,2.4,3.4,,-{비}-0125. {비}0250-{비}{강도0}0300-0330.,
108,서울,2023-09-18,24.7,22.1,616,28.9,1238,,,,,,,12.4,4.9,1100,2.97,13.83,25,18,25.3,25.3,24.7,24.7,25.4,25,25.2,21.5,18.2,2.8,4,,{박무}0650-0730.,
108,서울,2023-09-19,24.1,21.6,555,27.2,1317,,,,,,,12.3,1.3,1200,1.73,8.98,24.5,16.3,25,24.9,24.4,24.6,25.5,24.9,25.1,21.5,18.3,1.9,2.7,2.6,{박무}0545-{박무}{강도0}0600-0610.,
108,서울,2023-09-20,20.6,18.8,2351,23.9,1,18.83,2.4,1540,9.6,1536,35.8,12.3,0,1100,.44,2.53,21.6,17.2,23.7,23.9,23.8,24.3,25.4,24.9,25.1,21.6,18.3,1.1,1.6,33.2,{박무}0050-0150. {비}0155-{비}{강도0}0300-{비}{강도0}0600-{비}{강도0}0900-{비}{강도0}1200-{비}{강도1}1500-{비}{강도0}1800-1945. {박무}0310-0450. {박무}0610-{박무}{강도0}0900-{박무}{강도0}1200-{박무}{강도1}1500-{박무}{강도1}1800-1835. {무지개}1830-1835. {비}2210-2245. {비}2325-2350.,
108,서울,2023-09-21,20.1,17.5,2349,23.6,1442,.83,0,,0,,0,12.2,2.4,1100,2.41,13.28,21.6,10.9,22.6,22.7,22.6,23.2,24.7,24.9,25.1,21.6,18.3,2.4,3.4,,{비}0440-0530.,
108,서울,2023-09-22,20.5,15.2,626,26.7,1511,,,,,,,12.2,10.4,1300,2.91,20.37,21.8,9.9,22.2,22.3,22.2,22.9,24.2,24.7,25.1,21.8,18.4,4,5.7,,,
108,서울,2023-09-23,21.8,16.3,643,27.6,1418,,,,,,,12.2,10.9,1200,2.9,19.69,22.5,12,22.5,22.5,22.3,22.8,23.9,24.5,25,21.8,18.4,4.6,6.5,,{햇무리}0950-1530.,
108,서울,2023-09-24,21.8,17.9,635,26.2,1440,,,,,,,12.1,9,1200,3.03,19.16,23.2,13.9,22.6,22.6,22.3,22.8,23.8,24.3,24.9,21.8,18.4,4.3,6.1,.3,{햇무리}1330-1605.,
108,서울,2023-09-25,21.6,17.9,450,26,1327,8.08,.3,2041,1,2222,1.9,12.1,1.3,1200,2.34,11.15,22.1,15.6,22.6,22.6,22.3,22.7,23.7,24.1,24.8,21.7,18.4,2.2,3.2,17.7,{비}0115-{비}{강도0}0300-0510. {비}1810-1835. {비}2015-{비}{강도0}2100-{비}{강도0}2400-,
108,서울,2023-09-26,19.9,18.6,510,20.8,1355,24,1.8,208,6.1,204,27.8,12,0,1300,.41,2.33,20.3,18.3,21.1,22,21.8,22.4,23.6,24,24.7,21.7,18.5,.6,.9,15.8,-{비}-{비}{강도1}0300-{비}{강도0}0600-{비}{강도0}0900-{비}{강도0}1200-{비}{강도0}1500-{비}{강도0}1800-{비}{강도0}2100-{비}{강도0}2400-,
108,서울,2023-09-27,21.5,20,632,23.7,1433,11.75,.4,424,1.4,344,4.4,12,.1,1200,1.17,6.65,22.6,18.4,21.9,22.3,21.8,22.2,23.3,23.8,24.6,21.7,18.5,1.4,2,.3,-{비}-{비}{강도0}0300-{비}{강도0}0600-{비}{강도0}0900-1145. {박무}0350-{박무}{강도0}0600-0640. {박무}0845-{박무}{강도1}0900-1135.,
108,서울,2023-09-28,22.7,19.6,634,27.3,1422,,,,,,,12,8.4,1300,2.51,17.06,24.3,15.9,22.8,22.9,22.3,22.5,23.4,23.7,24.5,21.7,18.5,3.2,4.5,,{박무}0505-{박무}{강도0}0600-0850. {연무}1715-{연무}{강도0}1800-2030. {박무}2025-{박무}{강도1}2100-{박무}{강도1}2400-,
108,서울,2023-09-29,21.1,17.4,634,26.9,1444,,,,,,,11.9,5.5,1200,2.91,16.39,22.3,14.4,22.5,22.8,22.4,22.7,23.6,23.6,24.3,21.8,18.6,3.7,5.2,.3,-{박무}-0235.,
108,서울,2023-09-30,19.7,17.1,2359,22.2,1659,6.83,2.9,1400,4.2,1333,4.5,11.9,1.6,1500,1.31,7.45,21,10.8,21.7,22,21.9,22.4,23.5,23.5,24.3,21.8,18.6,1.7,2.5,4.2,{비}0105-{비}{강도0}0300-0405. {비}1045-{비}{강도0}1200-1435.,
108,서울,2023-10-01,18.4,14.4,652,23.7,1511,,,,,,,11.8,10.4,1200,2.98,20.05,19.3,8.5,19.7,20.6,20.6,21.4,23,23.5,24.2,21.7,18.6,4.1,5.8,,,
108,서울,2023-10-02,18.2,12.9,657,24.6,1538,,,,,,,11.8,10.3,1100,2.87,19.93,19,6.9,19.6,19.7,19.9,20.8,22.4,23.3,24.1,21.7,18.6,4.2,6,,,
108,서울,2023-10-03,17.5,14.4,250,22.5,1521,,,,,,,11.7,3,1400,2.03,9.4,18.4,8.6,18.8,19.3,19.5,20.3,21.9,23.1,24,21.7,18.7,2,2.9,,,
108,서울,2023-10-04,17.3,14.2,647,23.2,1257,2.83,2.8,1634,11.7,1607,14.7,11.7,5.3,1100,2.3,12.11,17.9,9.1,18.3,19.2,19.1,19.9,21.5,22.8,23.9,21.6,18.7,2.5,3.6,14.7,{비}1530-{비}{강도1}1800-1820. {박무}1810-1930.,
108,서울,2023-10-05,14.2,9.9,640,19.2,1556,,,,,,,11.7,10.6,1100,2.88,19.99,15.5,2.9,17.3,17.7,18.1,19.2,21.1,22.6,23.7,21.6,18.7,4,5.7,,,
108,서울,2023-10-06,15.5,9.6,641,21.5,1447,,,,,,,11.6,8.8,1300,3.01,17.92,16.4,3.3,16.4,17.4,17.6,18.5,20.5,22.3,23.6,21.6,18.7,3.4,4.9,,,
108,서울,2023-10-07,16.8,11.7,630,21.2,1543,,,,,,,11.6,5.2,1000,2.02,13.16,16,6.4,16.8,17.8,17.8,18.6,20.2,22,23.4,21.5,18.8,2.7,3.8,,,
108,서울,2023-10-08,17.1,15.2,531,19.5,1555,2.08,0,,0,,0,11.6,0,1000,.84,5.92,16.1,12.3,17.3,17.9,17.9,18.6,20.2,21.7,23.2,21.5,18.8,1.7,2.5,.4,{비}1225-1430.,
108,서울,2023-10-09,17.4,14.1,2359,22.4,1526,4.92,.7,2106,.7,2055,1.2,11.5,4.2,1100,2.16,11.77,18.3,8.5,17.6,18.3,18.1,18.7,20,21.5,23.1,21.5,18.8,2.3,3.3,.8,{비}0710-{비}{강도0}0900-1140. {비}2055-{비}{강도0}2100-2120.,
108,서울,2023-10-10,17.1,11.9,617,23.5,1523,,,,,,,11.5,10.6,1200,2.75,18.62,18.3,6.6,17.1,18.1,17.8,18.4,20,21.3,22.9,21.5,18.8,3.3,4.7,,,
108,서울,2023-10-11,17.6,12.9,719,24,1529,,,,,,,11.4,10,1200,2.73,17.49,17.7,8.1,17.4,18.2,17.9,18.5,19.9,,,21.4,18.8,3.5,5,,,
108,서울,2023-10-12,17.5,12,642,24.1,1325,,,,,,,11.4,7.3,1200,2.62,14.4,16.9,6.5,17.1,18.1,18,18.6,19.8,21.1,22.6,21.4,18.9,2.6,3.7,,,
108,서울,2023-10-13,17.5,14.3,613,21.5,1236,,,,,,,11.4,2.5,1100,1.7,9.14,16.5,8.4,18,18.2,18.1,18.6,19.8,20.9,22.4,21.4,18.9,1.7,2.5,1.5,{햇무리}0910-1110.,
108,서울,2023-10-14,14.7,12.9,2356,18.2,1537,6.25,1,1246,2.2,1111,5.8,11.3,2.5,1300,1.64,6.54,16.3,6.7,16.4,17.3,17.3,18.1,19.7,20.8,22.3,21.3,18.9,1.1,1.6,4.3,{박무}0435-{박무}{강도0}0600-{박무}{강도1}0900-{박무}{강도1}1200-1350. {비}0705-{비}{강도0}0900-{비}{강도0}1200-1320. {박무}2055-{박무}{강도0}2100-{박무}{강도0}2400-,
108,서울,2023-10-15,16.1,10.9,636,21.2,1533,,,,,,,11.3,6.1,1300,2.3,13.73,16.1,5.2,15.5,16.8,16.7,17.6,19.2,20.7,22.2,21.3,18.9,2.6,3.7,,-{박무}-{박무}{강도0}0300-{박무}{강도0}0600-{박무}{강도0}0900-0940.,
108,서울,2023-10-16,14.7,10.7,2354,19.6,1403,,,,,,,11.2,10.4,1200,2.74,18,15.9,3.2,16,17,16.9,17.5,19.1,20.5,22.1,21.3,18.9,3.5,5,,,
108,서울,2023-10-17,13.8,7.5,652,20.9,1533,,,,,,,11.2,10.4,1200,2.68,17.85,14.6,.2,15.1,15.7,16.1,17.2,18.8,20.4,22,21.2,19,3.4,4.9,,,
108,서울,2023-10-18,15.7,9.2,706,21.6,1457,,,,,,,11.2,8.3,1200,2.25,14.37,15.8,3,14.9,15.8,15.9,16.8,18.3,20.2,21.8,21.2,19,2.6,3.7,8,,
108,서울,2023-10-19,17,14.9,2354,18.9,1450,4.5,4.1,729,7.5,712,8.2,11.1,0,1400,.57,2.88,16.6,13,16.1,17.2,17,17.4,18.4,19.9,21.7,21.1,19,1.2,1.7,.2,{비}0625-{비}{강도0}0900-1055. {박무}0820-{박무}{강도1}0900-{박무}{강도0}1200-{박무}{강도0}1500-1655. {박무}1940-2030.,
108,서울,2023-10-20,11.6,7.2,2352,15.1,1357,,,,,,,11.1,10.1,1200,2.7,17.9,13.4,.9,14.9,15.7,16.2,17.1,18.5,19.8,21.5,21.1,19,3.5,5,1.1,,
108,서울,2023-10-21,10.4,5.9,409,16.6,1446,1.17,.7,801,1.1,740,1.1,11.1,8.6,1200,2.64,16.7,11.1,-1.4,12.7,13.6,14.4,15.7,17.8,19.7,21.4,21,19,3.2,4.6,,{비}0640-0655. {비}0740-0835.,
108,서울,2023-10-22,12.5,5.4,712,18.7,1451,,,,,,,11,8.6,1100,2.34,14.58,12.5,-.6,12.3,13.4,13.7,14.8,17.1,19.4,21.3,21,19,2.3,3.3,,,
108,서울,2023-10-23,15.2,11.1,701,21.4,1437,,,,,,,11,6.5,1100,2.06,12.64,14.3,5.7,13.7,14.8,14.4,14.9,16.9,19.1,21.1,20.9,19,2.2,3.1,,{박무}0345-{박무}{강도0}0600-{박무}{강도0}0900-1040.,
108,서울,2023-10-24,15.6,11.2,557,19.3,1156,,,,,,,10.9,3.7,1100,2.12,9.34,14.9,5.5,14,15.3,14.8,15.3,17.1,18.9,21,20.9,19,1.6,2.3,,{박무}0345-{박무}{강도0}0600-{박무}{강도0}0900-1120. {박무}2150-{박무}{강도0}2400-,
108,서울,2023-10-25,16.6,12.7,709,21.9,1436,,,,,,,10.9,6,1300,2.06,11.4,16.2,6.5,14.5,15.9,15.4,15.8,17.2,18.8,20.8,20.9,19,2,2.8,,-{박무}-{박무}{강도0}0300-{박무}{강도1}0600-{박무}{강도0}0900-1030. {박무}2050-{박무}{강도0}2100-{박무}{강도0}2400-,
108,서울,2023-10-26,17.2,14.6,2337,21.1,1346,2.75,0,,0,,0,10.9,.8,1200,1.24,5.79,16.8,12.2,15.4,16.8,16.5,16.7,17.5,18.7,20.7,20.8,19,1.4,2,0,-{박무}-{박무}{강도0}0300-{박무}{강도0}0600-{박무}{강도1}0900-{박무}{강도0}1200-1330. {연무}1325-{연무}{강도0}1500-1725. {비}1720-{비}{강도0}1800-1950. {박무}1720-{박무}{강도0}1800-2030. ]{우박}[(d 1.0)(NE 13)/중랑구/ 연합뉴스2000-2015. ]{우박}[(d 1.0)(SE 17)/강동구/서울신문2020-2025. {비}2255-2310.,
108,서울,2023-10-27,15.7,12.6,2357,20.2,1457,,,,,,,10.8,4.6,1300,1.87,10.07,16.5,6,15.1,16.7,16.7,17,17.9,18.7,20.5,20.8,19,2,2.8,,{박무}0150-{박무}{강도0}0300-0350. {박무}0540-{박무}{강도0}0600-0850.,
108,서울,2023-10-28,14.2,9.4,717,20.7,1417,,,,,,,10.8,9.7,1200,2.36,15.3,14.6,3,13.8,15.5,15.7,16.5,17.7,18.7,20.4,20.7,19.1,2.7,3.8,,,
108,서울,2023-10-29,14.9,9.8,656,21.8,1407,,,,,,,10.8,9.7,1200,2.4,15.3,14.9,3.9,14.8,15,15.2,16,17.3,18.7,20.3,20.7,19.1,2.8,4,,,
108,서울,2023-10-30,15.1,9.7,657,21.9,1442,,,,,,,10.7,9.3,1200,2.28,13.71,14.8,3.5,14.4,15,15.2,15.9,17.1,18.5,20.3,20.6,19.1,2.4,3.4,,{연무}1540-1610. {박무}2035-{박무}{강도0}2100-{박무}{강도0}2400-,
108,서울,2023-10-31,16.5,12.7,204,20.8,1427,,,,,,,10.7,5.2,1300,1.85,10.57,16.4,6.3,15.1,15.7,15.5,16,,18.4,20.2,20.5,19.1,2,2.9,0,-{박무}-{박무}{강도0}0300-{박무}{강도0}0600-{박무}{강도0}0900-1145. {연무}1140-{연무}{강도0}1200-{연무}{강도0}1500-1540. {연무}2215-2345. {박무}2340-{박무}{강도0}2400-,
108,서울,2023-11-01,19,17.2,452,20.6,1504,.83,,,,,0,10.7,0,1200,.42,2.23,17.3,16.2,16.3,16.9,16.5,16.6,17.3,18.3,20.1,20.5,19.1,1,1.4,,-{박무}-{박무}{강도0}0300-{박무}{강도0}0600-{박무}{강도0}0900-{박무}{강도0}1200-1410. {비}0630-0720. {박무}1730-{박무}{강도0}1800-{박무}{강도0}2100-{박무}{강도0}2400-,
108,서울,2023-11-02,20.8,18.7,2305,25.9,1442,,,,,,,10.6,8,1200,2.22,12.86,20.5,15.1,17.8,18.2,17.6,17.4,17.7,18.3,20,20.4,19.1,3.3,4.6,,-{박무}-{박무}{강도0}0300-{박무}{강도0}0600-0730.,
108,서울,2023-11-03,19.5,17.7,2341,22.4,1225,2.75,,,,,8.5,10.6,1.2,1200,1.45,6.1,18.7,15,17.6,18.4,18,18,18.3,18.4,19.9,20.4,19.1,1.3,1.9,8.5,{비}1310-1345. {비}1702-1752. {박무}1735-{박무}{강도0}1800-{박무}{강도0}2100-{박무}{강도1}2400- {비}1820-1940.,
108,서울,2023-11-04,17.4,14.1,724,20.9,1459,,,,,,,10.5,2.8,1300,1.35,8.32,17.2,9.8,17.3,17.8,17.6,17.9,18.5,18.5,19.9,20.3,19.1,1.9,2.8,4.7,-{박무}-{박무}{강도0}0300-0420.,
108,서울,2023-11-05,17.3,15.1,738,20.4,1917,13.17,,,,,10.4,10.5,0,1100,.86,3.75,16.5,13.7,16,17.1,17.1,17.5,18.4,18.6,19.9,20.3,19.1,.9,1.2,46.5,{비}0115-0215. {비}0450-{비}{강도0}0600-0740. {비}0935-{비}{강도0}1200-1210. {비}1425-{비}{강도0}1500-1515. {비}1615-1630. {비}1820-{비}{강도0}2100-{비}{강도0}2400- {박무}2035-{박무}{강도1}2100-2250. {박무}2359-{박무}{강도0}2400-,
108,서울,2023-11-06,13.3,6.6,2333,19.3,352,20.25,,,,,45.8,10.5,.8,1300,.89,4.42,14,5.1,16,17,17.1,17.4,18.2,18.6,19.9,20.2,19.1,1.5,2.1,5,-{비}-{비}{강도1}0300-0515. -{박무}-{박무}{강도1}0300-0355. {비}0635-{비}{강도0}0900-0940. {박무}0655-0845. {비}1030-{비}{강도0}1200-{비}{강도0}1500-1710. {비}1805-1955. {비}2010-{비}{강도0}2100-2250. {비}2315-{비}{강도0}2400-,
108,서울,2023-11-07,5.8,3.6,810,9.9,1504,.25,,,,,0,10.4,8.4,1200,2.38,14.34,8.6,-1.7,12.2,12.7,13.8,15.3,17.4,18.5,19.8,20.2,19.1,2,2.8,,-{비}-0015.,
108,서울,2023-11-08,8.4,1.8,709,16.1,1503,,,,,,,10.4,9.4,1200,2.35,13.65,9.1,-3.3,10.5,10.9,11.8,13.4,16,18.3,19.7,20.1,19.1,2.3,3.3,,,
108,서울,2023-11-09,11.4,5.9,642,18.4,1445,2.08,,,,,5.1,10.4,2.1,1200,1.38,6.78,10.5,.3,11.4,11.5,11.8,12.8,15.1,17.9,19.6,20.1,19.1,1.5,2.1,5.1,{비}1540-1730. {박무}1640-{박무}{강도0}1800-{박무}{강도0}2100-2250. {비}1940-1955.,
108,서울,2023-11-10,3.4,.5,2356,9.1,1,,,,,,,10.3,9,1200,2.36,14.52,6.1,-3.8,10,10.5,11.4,12.7,14.9,17.5,19.5,20,19.1,2.3,3.3,,,
108,서울,2023-11-11,1.7,-1.9,709,6.7,1517,,,,,,,10.3,7,1300,1.97,10.9,3.4,-7.5,7.2,7.7,9,10.7,13.8,17.1,19.3,20.1,19.1,1.8,2.6,,,
108,서울,2023-11-12,1.2,-2,730,5.7,1515,,,,,,,10.3,9.5,1200,2.3,14.17,3,-8.8,6.1,6.5,7.8,9.5,12.6,16.7,19.1,20.1,19.2,1.8,2.6,,,
108,서울,2023-11-13,2,-2.2,708,6.7,1446,,,,,,,10.2,9.5,1200,2.3,14.18,3.4,-8.5,5.4,5.8,6.9,8.6,11.6,16.1,18.9,20,19.2,1.9,2.7,,,
108,서울,2023-11-14,5,-.8,732,10.8,1520,,,,,,,10.2,9.3,1200,2.14,12.94,4.3,-7.5,5.6,6.1,6.9,8.2,11,15.6,18.6,20,19.2,1.7,2.5,,,
108,서울,2023-11-15,7,2,706,12.5,1326,,,,,,,10.2,6.9,1200,1.98,10.47,6,-5,6.7,7,7.4,8.4,10.8,15.1,18.3,19.9,19.2,1.6,2.3,,{연무}1945-{연무}{강도0}2100-{연무}{강도0}2400-,
108,서울,2023-11-16,6.6,5.7,2342,7.4,1525,11.25,,,,,8.4,10.2,0,1100,.18,1.09,5.6,-.4,7.4,7.9,8.1,9,11,14.7,18,19.9,19.2,.5,.7,8.4,-{연무}-{연무}{강도0}0300-{연무}{강도0}0600-{연무}{강도0}0900-0915. {비}0905-{비}{강도0}1200-{비}{강도0}1500-{비}{강도0}1800-1955. {박무}0910-{박무}{강도1}1200-{박무}{강도2}1500-{박무}{강도1}1800-{박무}{강도1}2100-{박무}{강도1}2400- {비}2250-2315.,
108,서울,2023-11-17,1.6,-1.9,2359,5.9,45,1.92,,,,,0,10.1,5,900,1.28,7.42,3.2,-6.3,6.2,6.7,7.4,8.6,10.9,14.4,17.7,19.8,19.1,1.4,2,0,{비}0010-0110. -{박무}-0135. {눈}1125-1150. {눈}1250-1320.,
108,서울,2023-11-18,.6,-3.8,720,5.7,1505,,,,,,,10.1,9.3,1200,2.15,12.88,1.8,-7.1,4.1,4.6,5.6,7.2,10.2,14.2,17.4,19.8,19.1,1.6,2.2,,,
108,서울,2023-11-19,5.9,-.3,154,13.4,1424,,,,,,,10.1,5.4,1400,1.36,7.79,4,-7,5,5.3,5.6,6.8,9.5,13.8,17.2,19.7,19.1,1.4,2,,{연무}1650-{연무}{강도0}1800-1905.,
108,서울,2023-11-20,6.2,1.8,710,12.8,1511,,,,,,,10.1,9.3,1200,2.15,12.93,4.5,-6.6,5.6,5.9,6.4,7.3,9.5,13.5,16.9,19.6,19.1,2.1,3,,,
108,서울,2023-11-21,7.4,1.4,714,14.8,1521,,,,,,,10,9.3,1200,2.12,12.57,5.1,-5.2,5.8,6.1,6.5,7.4,9.4,13.2,16.6,19.6,19.1,2.1,3,,,
108,서울,2023-11-22,9.5,2.9,704,15.1,1458,,,,,,,10,6.5,1100,1.9,10.28,7.4,-4.7,6.7,6.9,6.9,7.6,9.4,12.9,16.4,19.5,19.1,1.6,2.3,.1,,
108,서울,2023-11-23,9.9,1.9,2358,14.6,1349,2.75,,,,,.1,10,5,1200,1.71,8.41,9.8,-.7,9.1,9.2,8.8,9,9.9,12.8,16.1,19.4,19.1,1.7,2.5,,{비}0120-{비}{강도0}0300-0405. {박무}0255-{박무}{강도0}0300-{박무}{강도1}0600-{박무}{강도2}0900-1145. {연무}1140-{연무}{강도1}1200-{연무}{강도0}1500-1730.,
108,서울,2023-11-24,-1.5,-4.4,2356,2.2,1353,,,,,,,9.9,8.6,1200,2.14,12.67,1.7,-8.2,5.6,6.3,7.4,8.6,10.3,12.7,15.9,19.3,19.1,1.7,2.4,,,
108,서울,2023-11-25,-1.3,-5.9,723,4,1440,,,,,,,9.9,9.1,1200,2.12,12.67,.6,-11.7,3.5,3.9,5.1,6.7,9.3,12.7,15.8,19.2,19.1,1.8,2.6,,,
108,서울,2023-11-26,4,-.1,32,7.2,1449,1.67,,,,,0,9.9,1.4,1000,1.33,6.39,3.3,-1.8,4.4,4.4,4.9,6,8.5,12.4,15.6,19.1,19.1,1.2,1.6,2.1,{비}2220-{비}{강도0}2400-,
108,서울,2023-11-27,6.2,4.4,419,9.3,1553,12.83,,,,,3.6,9.9,.9,1500,.56,2.35,5.7,1.6,6.1,6,6.1,6.8,8.6,12.1,15.4,19,19,.8,1.1,1.5,{박무}0250-{박무}{강도0}0300-{박무}{강도0}0600-{박무}{강도0}0900-{박무}{강도1}1200-{박무}{강도0}1500-{박무}{강도0}1800-2055. -{비}-{비}{강도0}0300-{비}{강도0}0600-{비}{강도0}0900-{비}{강도0}1200-1250. {연무}2050-{연무}{강도0}2100-2240.,
108,서울,2023-11-28,1.3,-1.2,2354,5.2,1,0,,,,,,10.6,6.3,1300,1.97,9.86,1.9,-4.9,5.1,5.3,5.9,6.9,,,,,,,,,{박무}0020-{박무}{강도0}0300-0320. {눈}1550-1610.,
108,서울,2023-11-29,-1.4,-4,2354,3,1422,0,,,,,,10.6,2.7,1100,.9,4.75,-1.1,-9.3,3.3,3.6,4.5,5.9,,,,,,,,,{눈}1340-1445. {눈}1542-1657.,
108,서울,2023-11-30,-4.3,-7.3,721,-.5,1444,,,,,,,9.8,9.2,1200,2.1,12.44,-1.8,-10.8,1.8,2.2,3.3,4.8,7.5,11.5,14.9,18.8,19,1.4,2,,,
108,서울,2023-12-01,-3.2,-6.8,646,.7,1544,,,,,,,9.8,9.2,1200,2.07,12.2,-1.8,-12.3,1,1.4,2.4,4,6.8,11.2,14.7,18.7,19,1.3,1.9,,,
108,서울,2023-12-02,2,-4.4,327,8,1516,1.47,,,,,0,9.8,4,1100,1.7,8.25,.4,-11.5,.9,1.1,2,3.4,6.2,10.9,14.5,18.6,19,1.3,1.9,0,{싸락눈}1307-1315. {비}2015-{비}{강도0}2100-2135. {연무}2145-2205.,
108,서울,2023-12-03,.8,-2.8,700,6,1430,,,,,,,9.8,9.1,1200,1.98,11.62,.7,-11,1.5,1.6,2.2,3.4,6,10.5,14.3,18.5,19,1.5,2.2,,,
108,서울,2023-12-04,2.7,-3,750,9.4,1532,,,,,,,9.7,8.2,1200,1.92,10.39,.8,-9.6,1.5,1.7,2.3,3.5,5.9,10.2,14,18.4,18.9,1.6,2.3,,,
108,서울,2023-12-05,6.8,3.8,1,12.6,1518,,,,,,,9.7,6.8,1200,1.71,8.09,3.2,-2.6,3,2.8,3,3.8,5.8,9.9,13.8,18.3,18.9,1.4,2,,,
108,서울,2023-12-06,6.1,3.9,358,8.7,1848,2.33,,,,,3.8,9.7,0,1000,.41,1.87,3.6,-3.6,4.1,4,4.1,4.7,6.2,9.7,13.5,18.2,18.9,.8,1.1,3.8,{연무}0830-{연무}{강도0}0900-{연무}{강도0}1200-1340. {비}1305-1435. {박무}1335-{박무}{강도1}1500-{박무}{강도1}1800-{박무}{강도1}2100-2340. ]{싸락우박}[(SE)/강남구/인사이드1525-1530. {비}1625-1715.,
108,서울,2023-12-07,6.6,.8,709,11.4,1408,,,,,,,9.7,6.7,1200,1.74,9.35,3,-7,4.4,4.4,4.5,5.1,6.6,9.6,13.3,18.1,18.9,1.6,2.3,,,
108,서울,2023-12-08,11.2,5.1,333,16.8,1434,,,,,,,9.7,5.3,1200,1.57,7.54,6.7,-.8,5.8,5.5,5.2,5.6,6.8,9.6,13.1,18,18.8,1.5,2.1,,,
108,서울,2023-12-09,13.7,11.7,2346,16.2,1413,,,,,,,9.7,.8,1300,.84,4.05,11.3,4,8.7,8.3,7.6,7.3,7.6,9.6,13,17.9,18.8,.7,1,,{박무}0355-{박무}{강도0}0600-{박무}{강도0}0900-{박무}{강도0}1200-{박무}{강도0}1500-{박무}{강도0}1800-{박무}{강도0}2100-{박무}{강도1}2400-,
108,서울,2023-12-10,11.4,6.7,801,15.5,1448,.08,,,,,0,9.7,,,,,8.8,-2,8.7,8.5,8.2,8.3,8.6,9.7,12.9,17.8,18.8,,,1.2,-{박무}-{박무}{강도0}0300-{박무}{강도0}0600-{박무}{강도0}0900-1050. {연무}1045-1135. {비}2355-{비}{강도0}2400-,
108,서울,2023-12-11,8.9,5,2314,12.3,4,24,,,,,11.4,9.6,0,1000,.27,1.54,8,3.8,8.6,8.6,8.4,8.6,9,9.9,12.8,17.7,18.8,.5,.8,10.6,-{비}-{비}{강도0}0300-{비}{강도0}0600-{비}{강도0}0900-{비}{강도0}1200-{비}{강도0}1500-{비}{강도0}1800-{비}{강도0}2100-{비}{강도0}2400-,
108,서울,2023-12-12,5.4,3.5,2334,9.3,1536,4.75,,,,,.4,9.6,3.5,1400,1.42,6.08,5.1,-3.2,7.1,7.2,7.5,8.1,9.1,10.2,12.8,17.6,18.7,1,1.4,,-{비}-0015. {비}0045-{비}{강도0}0300-0515.,
108,서울,2023-12-13,6.8,2.6,419,10.3,1459,,,,,,,9.6,2.3,1200,1.27,6.06,5,-3.9,6.2,6.3,6.5,7.2,8.7,10.3,12.8,17.5,18.7,1.3,1.9,0,,
108,서울,2023-12-14,7.6,6.2,2315,9.1,127,17.17,,,,,17,9.6,0,1300,.32,1.46,6.8,5.7,7.3,7.2,7.2,7.6,8.6,10.3,12.8,17.4,18.7,.4,.5,39.9,{비}0010-0035. {비}0230-{비}{강도0}0300-0320. {비}0805-{비}{강도0}0900-{비}{강도0}1200-{비}{강도0}1500-{비}{강도0}1800-{비}{강도0}2100-{비}{강도0}2400- {박무}0955-{박무}{강도0}1200-{박무}{강도0}1500-1555. {박무}1725-{박무}{강도0}1800-1950. {박무}2050-{박무}{강도0}2100-2310.,
108,서울,2023-12-15,4.9,3.7,2359,6.2,1,21,,,,,31.1,9.6,0,1400,.34,1.48,5.7,3.5,6.6,6.7,6.9,7.4,8.5,10.2,12.8,17.3,18.7,.4,.5,9.7,{박무}0020-{박무}{강도0}0300-{박무}{강도1}0600-0855. -{비}-{비}{강도0}0300-{비}{강도0}0600-{비}{강도0}0900-{비}{강도0}1200-{비}{강도0}1500-1520. {박무}0905-{박무}{강도0}1200-{박무}{강도0}1500-1515. {비}1755- {비}{강도0}1800-1855. {비}1920-{이슬비}1930-{이슬비}{강도0}2100-{비}2205-{비}{강도0}2400- {박무}1935-{박무}{강도0}2100-{박무}{강도0}2400-,
108,서울,2023-12-16,-4.1,-9.9,2400,3.8,1,13.08,,,,,1.5,9.6,4.6,1300,1.86,8.49,.8,-11.1,4.5,4.8,5.6,6.6,8.2,9.9,12.3,17.2,18.6,1,1.5,0,-{비}-{비}{강도0}0300-{눈}0330-{눈}{강도0}0600-{눈}{강도0}0900-1030. -{박무}-{박무}{강도0}0300-0535. {박무}0615-0750. {눈}1435-1455. {눈}1710-1755. {눈}1805-1935.,
108,서울,2023-12-17,-9.8,-12.4,758,-6.4,1452,,,,,,,9.6,9,1200,2.01,11.81,-5.3,-14.4,1.1,1.7,3,4.7,7.1,9.8,12.2,16.8,18.6,1,1.4,,,
108,서울,2023-12-18,-7.7,-12.2,511,-3.6,1358,,,,,,,9.6,4.1,1200,1.5,7.01,-4.6,-15,.1,.5,1.6,3.2,5.9,9.6,12.2,16.7,18.6,.9,1.3,,,
108,서울,2023-12-19,-3.7,-8.2,548,.2,1402,10.08,,,,,.3,9.6,.8,1200,1.16,5.77,-2.4,-12.4,0,.1,1.1,2.6,5.1,9.2,12.1,16.6,18.5,.7,1,1.1,{눈}1355-{눈}{강도0}1500-{눈}{강도0}1800-{눈}{강도0}2100-{눈}{강도0}2400-,
108,서울,2023-12-20,-7.4,-11.9,2359,-2.1,1,2.5,,,,,.8,9.6,6,1300,2,9.07,-2.9,-14.5,-.1,.1,.9,2.2,4.7,8.8,12,16.6,18.5,.8,1.2,0,-{눈}-{시정(미만)}{1km}{눈}0052-{시정(이상)}{1km}{눈}0102-0145. {연무}0755-{연무}{강도0}0900-0940. {눈}0840-{눈}{강도0}0900-0925.,
108,서울,2023-12-21,-11.7,-14.4,705,-8,1515,,,,,,,9.6,9,1200,1.98,11.49,-6.4,-17.3,-.8,-.5,.5,2,4.3,8.5,11.8,16.6,18.5,.8,1.2,,,
108,서울,2023-12-22,-11.6,-14.7,732,-8,1425,,,,,,,9.6,9.1,1200,1.97,11.56,-7.2,-17.4,-1.6,-1.2,0,1.5,4,8.2,11.7,16.5,18.4,.8,1.2,,,
108,서울,2023-12-23,-6.8,-12.7,511,-.9,1547,,,,,,,9.6,8.9,1200,1.89,10.84,-5.1,-18,-1.7,-1.5,-.4,1.1,3.7,7.9,11.5,16.4,18.4,1,1.5,1.1,,
108,서울,2023-12-24,-2.2,-5.6,622,3,1440,7.42,,,,,1.1,9.6,6.9,1200,1.95,10.09,-1.3,-9.8,-.8,-.8,-.4,1,3.5,7.6,11.3,16.4,18.4,.9,1.4,.5,{눈}0145-{눈}{강도0}0300-{눈}{강도0}0600-0815. {박무}0730-0825. {눈}2305-{눈}{강도0}2400-,
108,서울,2023-12-25,-.7,-2.7,2315,2.1,1604,11.33,,,,,.7,9.6,1.7,1200,.81,4.14,-1.2,-10.1,-.3,-.5,-.3,.9,3.4,7.4,11.1,16.3,18.3,.6,.8,.2,-{눈}-{눈}{강도0}0300-{시정(미만)}{1km}{눈}0448-{시정(이상)}{1km}{눈}0501-{눈}{강도0}0600-{눈}{강도0}0900-1120. {박무}0310-{박무}{강도1}0600-{박무}{강도2}0900-{박무}{강도0}1200-1320. {박무}2305-{박무}{강도0}2400-,
108,서울,2023-12-26,1.9,-2.6,1,7.2,1452,,,,,,,9.6,7.5,1200,1.88,9.17,-.1,-8.4,-.3,-.4,-.3,.9,3.3,7.2,10.9,16.2,18.3,1.1,1.6,,-{박무}-0050. {박무}0125-{박무}{강도0}0300-{박무}{강도0}0600-{박무}{강도0}0900-1130. {연무}2005-{연무}{강도0}2100-2330. {박무}2325-{박무}{강도0}2400-,
108,서울,2023-12-27,1.5,-2.8,813,6.8,1549,,,,,,,9.6,8.2,1200,1.69,9.47,-.1,-10.6,-.3,-.4,-.2,.9,3.2,7,10.7,16.1,18.3,1,1.4,,-{박무}-{박무}{강도0}0300-{박무}{강도0}0600-{박무}{강도0}0900-{박무}{강도0}1200-1210. {연무}1205-{연무}{강도0}1500-{연무}{강도0}1800-{연무}{강도0}2100-{연무}{강도0}2400-,
108,서울,2023-12-28,1.2,-1.7,620,4.4,1453,,,,,,,9.6,8.1,1200,1.67,9.25,0,-10.3,-.3,-.3,-.1,1,3.1,6.8,10.5,16.1,18.2,1.1,1.6,,{박무}0005-{박무}{강도1}0300-{박무}{강도1}0600-{박무}{강도0}0900-1050. -{연무}-0010. {연무}1045-1110.,
108,서울,2023-12-29,1.3,-1.5,725,4.6,1438,,,,,,,9.6,1.8,1400,.84,5.43,0,-8.6,-.2,-.3,-.1,1,3.1,6.7,10.3,16,18.2,.8,1.1,.3,{박무}0815-{박무}{강도0}0900-1005. {연무}1455-{연무}{강도0}1500-{연무}{강도0}1800-1815. {연무}1925-2050.,
108,서울,2023-12-30,.6,-.9,237,2.1,2354,16.67,,,,,13.1,9.6,0,1000,.14,.69,-.6,-8.2,-.1,-.2,0,1,3,6.5,10.2,15.9,18.1,.2,.3,17.5,{박무}0150-{박무}{강도0}0300-{박무}{강도0}0600-{박무}{강도2}0900-{박무}{강도2}1200-{박무}{강도2}1500-{박무}{강도1}1800-{박무}{강도1}2100-{박무}{강도1}2400- {눈}0720-{눈}{강도0}0900-{시정(미만)}{1km}{눈}1118-{시정(이상)}{1km}{눈}1127-{시정(미만)}{1km}{눈}1147-{눈}{강도1}1200-{시정(이상)}{1km}{눈}1221-{시정(미만)}{1km}{눈}1257-{시정(이상)}{1km}{눈}1416-{진눈깨비}1445-{진눈깨비}{강도1}1500-{비}1530-{비}{강도0}1800-{비}{강도0}2100-{비}{강도0}2400-,
108,서울,2023-12-31,2.1,.6,2343,4.3,1550,9.83,,,,,4.7,9.6,.6,1200,.69,3.06,-.1,-4.2,-.1,-.2,0,1,3,6.4,10,15.8,18.1,.4,.5,0,-{안개}-{시정(미만)}{1km}{안개}0154-{안개}{강도0}0300-{시정(이상)}{1km}{박무}0305-{박무}{강도2}0600-{박무}{강도0}0900-0925. -{이슬비}-{이슬비}0210-{이슬비}{강도1}0300-0345. {비}0450-{비}{강도0}0600-{진눈깨비}0710-{눈}0805-{진눈깨비}0835-{이슬비}0850-{이슬비}{강도0}0900-1055. {박무}1915-{박무}{강도0}2100-{박무}{강도1}2400-,1.18
108,서울,2024-01-01,3.3,-.3,402,7.3,1255,2.92,,,,,0,9.6,4.3,1200,1.87,7.44,-.2,-4.7,-.1,-.2,.1,1,2.8,6.3,9.9,15.7,18.1,.9,1.3,0,-{박무}-{박무}{강도1}0300-{박무}{강도1}0600-{박무}{강도0}0900-0925. {비}2045-2055. {비}2115-{비}{강도0}2400- {박무}2135-{박무}{강도0}2400-,
108,서울,2024-01-02,2.9,2.2,622,4.3,1409,1.58,,,,,0,9.6,.3,1200,.63,3.87,.3,-3.3,0,-.2,.1,1,2.8,6.1,9.7,15.6,18,.7,1,.1,-{비}-0105. -{박무}-{박무}{강도0}0300-{박무}{강도0}0600-0810. {비}0720-0750. {연무}1125-{연무}{강도0}1200-1225.,
108,서울,2024-01-03,1.8,-1.1,2350,4,1320,6.25,,,,,.6,9.7,1.2,1500,.58,3.32,.6,-8.1,0,-.1,.2,1,2.8,6,9.6,15.5,18,.5,.7,.5,{비}0605-{비}{강도0}0900-{싸락눈}0915-{비}0950-1010. {박무}0755-{박무}{강도0}0900-{박무}{강도0}1200-{박무}{강도0}1500-1510. {비}1240-1450. {박무}1705-{박무}{강도0}1800-2015. {박무}2135-{박무}{강도0}2400-,
108,서울,2024-01-04,1.4,-3.3,715,4.7,1556,,,,,,,9.7,.5,1200,.96,5.22,-.2,-10.7,-.1,-.1,.2,1.1,2.8,5.9,9.5,15.4,17.9,.7,1.1,0,-{박무}-{박무}{강도0}0300-0445. {박무}0505-{박무}{강도0}0600-{박무}{강도0}0900-{박무}{강도0}1200-1255. {연무}1250-{연무}{강도0}1500-1530. {연무}1850-{연무}{강도0}2100-{연무}{강도0}2400-,
108,서울,2024-01-05,5,1.4,2356,9.1,1439,.42,,,,,0,9.7,5.7,1300,1.52,7.77,2,-6.2,-.2,0,.3,1.1,2.8,5.8,9.3,15.3,17.9,1.2,1.7,,{박무}0220-{박무}{강도0}0300-{박무}{강도0}0600-{박무}{강도0}0900-1150. -{연무}-0225. {비}0520-0545. {연무}1145-{연무}{강도1}1200-{연무}{강도0}1500-{연무}{강도1}1800-1925. {박무}1920-{박무}{강도0}2100-{박무}{강도0}2400-,
108,서울,2024-01-06,.7,-2.7,819,5.2,1444,3.08,,,,,2.4,9.7,8.7,1200,1.97,11.42,1,-9.4,-.3,.1,.3,1.1,3,5.7,9.2,15.2,17.9,1.4,2,2.4,-{박무}-0145. {눈}1750-{눈}{강도0}1800-{시정(미만)}{1km}{눈}1918-{시정(이상)}{1km}{눈}1928-{시정(미만)}{1km}{눈}2014-{시정(미만)}{0.5km}{눈}2034-{시정(이상)}{0.5km}{눈}2035-{시정(이상)}{1km}{눈}2040-2055. {박무}2050-{박무}{강도0}2100-{박무}{강도0}2400-,
108,서울,2024-01-07,-4.4,-8.3,2312,-.9,1,,,,,,,9.7,9.1,1200,2.09,12.13,-.2,-10.1,0,.1,.4,1.2,3,5.6,9.1,15.1,17.8,1.3,1.9,,-{박무}-0020.,
108,서울,2024-01-08,-4.7,-10.3,619,0,1441,,,,,,,9.7,8.3,1200,2.06,11.65,-1.1,-11.2,-.2,.2,.4,1.2,2.9,5.6,9,15,17.8,1.2,1.8,.4,,
108,서울,2024-01-09,-.6,-1.9,1,.4,2239,13.17,,,,,1.6,9.7,0,1000,.31,1.48,-.5,-3,-.2,.2,.5,1.2,2.8,5.5,8.9,14.9,17.7,.3,.4,1.2,{눈}0515-{눈}{강도0}0600-{눈}{강도0}0900-{눈}{강도0}1200-{눈}{강도0}1500-1755. {박무}1750-{박무}{강도0}1800-{박무}{강도0}2100-{박무}{강도1}2400- {눈}1815-1845.,
108,서울,2024-01-10,-1,-4.1,632,3.3,1542,,,,,,,9.8,5,1400,1.36,7.81,-.7,-6.5,-.1,.2,.5,1.2,2.8,5.4,8.8,14.8,17.7,.7,1.1,,-{박무}-{박무}{강도1}0300-{박무}{강도1}0600-{박무}{강도1}0900-{박무}{강도0}1200-{박무}{강도0}1500-1550. {연무}1545-{연무}{강도0}1800-1930. {박무}1925-{박무}{강도1}2100-{박무}{강도1}2400-,
108,서울,2024-01-11,1.7,-2.4,618,4.5,1607,,,,,,,9.8,.4,1100,1.14,4.58,-.4,-6.4,-.1,.2,.5,1.2,2.8,5.4,8.7,14.7,17.6,.7,.9,,-{박무}-{박무}{강도1}0300-{박무}{강도1}0600-{박무}{강도1}0900-{박무}{강도0}1200-{박무}{강도0}1500-1530. {박무}1830-{박무}{강도0}2100-{박무}{강도0}2400-,
108,서울,2024-01-12,.9,-1.4,2351,4.2,1546,,,,,,,9.8,8.9,1200,2.02,11.77,.4,-9.3,0,.2,.5,1.2,2.8,5.3,8.6,14.6,17.6,1.6,2.3,,-{박무}-{박무}{강도0}0300-{박무}{강도1}0600-{박무}{강도1}0900-1010. {연무}1005-1050. {연무}1130-{연무}{강도0}1200-1210.,
108,서울,2024-01-13,.4,-3.8,800,6.4,1519,,,,,,,9.8,9.1,1200,2.03,12.05,.1,-11.1,.1,.2,.5,1.2,2.8,5.3,8.5,14.5,17.6,1.7,2.4,,,
108,서울,2024-01-14,-.6,-3.3,2400,2.4,1613,3.67,,,,,3.1,9.8,.7,1500,.32,1.28,-.8,-8,.1,.1,.4,1.2,2.7,5.2,8.4,14.5,17.5,.5,.7,3.1,{비}1135-{비}{강도0}1200-{진눈깨비}1415-{비}1445-{비}{강도0}1500-1515. {박무}1250-{박무}{강도1}1500-{박무}{강도0}1800-1935.,
108,서울,2024-01-15,-3.7,-6.9,735,.9,1547,,,,,,,9.9,9.2,1200,2.12,12.82,-1,-9.7,0,.1,.4,1.1,2.6,5.2,8.3,14.4,17.5,1.4,2,,,
108,서울,2024-01-16,-2.1,-7.2,814,4.3,1516,,,,,,,9.9,8.3,1200,2.01,11.86,-.9,-12.8,-.2,-.1,.3,1,2.6,5.1,8.3,14.3,17.4,1.4,2,,,
108,서울,2024-01-17,.6,-2.3,103,1.9,2140,13.17,,,,,9.7,9.9,0,900,.32,1.9,-.5,-7.7,-.2,-.1,.2,1,2.5,5,8.2,14.2,17.4,.4,.5,10.2,{눈}1050-{눈}{강도0}1200-{진눈깨비}1350-{비}1445-{진눈깨비}1455-{진눈깨비}{강도1}1500-{눈}1515-{진눈깨비}1540-{비}1610-{비}{강도0}1800-{비}{강도0}2100-{비}{강도0}2400- {박무}1605-{박무}{강도0}1800-{박무}{강도1}2100-{시정(미만)}{1km}{안개}2239-{시정(이상)}{1km}{박무}2334-{박무}{강도2}2400-,.92
108,서울,2024-01-18,4.5,1.4,751,9.4,1606,2.58,,,,,.5,9.9,6.3,1200,2.02,9.86,1.9,.2,-.1,-.1,.2,.9,2.4,5,8.1,14.1,17.3,1.6,2.3,,-{비}-0235. -{박무}-{박무}{강도2}0300-{박무}{강도2}0600-{박무}{강도0}0900-1150.,
108,서울,2024-01-19,5.4,4,2051,9,1436,,,,,,,9.9,7.1,1100,1.69,10.29,2.1,1.8,-.1,-.1,.1,.9,2.2,4.8,8,14,17.3,2.1,2.9,,,
108,서울,2024-01-20,3.4,1.9,1914,4.9,1306,11.17,,,,,.4,10,0,1300,.59,2.74,1,.5,-.1,0,.2,.9,2.3,4.7,7.9,13.9,17.2,.9,1.3,.4,{비}1210-{비}{강도0}1500-{진눈깨비}1740-{진눈깨비}{강도0}1800-{진눈깨비}{강도0}2100-{눈}2220-2320.,
108,서울,2024-01-21,1.7,-2.4,2352,4.3,1206,8.58,,,,,.4,10,0,1100,.64,3.57,1,-3,0,.1,.3,.9,2.5,4.7,7.8,13.9,17.2,.6,.9,.6,{눈}0350-0415. {진눈깨비}0655-0740. {눈}1010-1040. {비}1305-{진눈깨비}1335-{비}1450-{비}{강도0}1500-{비}{강도0}1800-1855. {박무}2010-{박무}{강도0}2100-2330. {눈}2255-{눈}{강도0}2400-,
108,서울,2024-01-22,-8.7,-11.9,2349,-2.4,1,8.83,,,,,.2,10,3.6,1400,1.86,8.49,-1.1,-13,0,.1,.4,1.1,2.7,4.7,7.8,13.8,17.1,.8,1.1,,-{눈}-{눈}{강도0}0300-{시정(미만)}{1km}{눈}0550-{시정(이상)}{1km}{눈}0559-{눈}{강도0}0600-0850.,
108,서울,2024-01-23,-11.7,-14,729,-8.2,1525,,,,,,,10,9.1,1200,2.26,13.53,-5,-15.2,-.3,-.1,.3,1,2.4,4.7,7.7,13.7,17.1,1,1.4,,,
108,서울,2024-01-24,-8,-11.2,36,-3.7,1600,,,,,,,10.1,9.3,1200,2.24,13.63,-4.1,-14.9,-1.2,-.7,0,.8,2.3,4.7,7.6,13.6,17.1,1.2,1.7,,,
108,서울,2024-01-25,-5.3,-9.7,640,-.5,1532,,,,,,,10.1,9.4,1200,2.22,13.57,-2.3,-16.2,-1.6,-1.1,-.3,.6,2.2,4.6,7.6,13.5,17,1.4,2,,,
108,서울,2024-01-26,-1.7,-6.9,725,4,1544,,,,,,,10.1,9.4,1200,2.17,12.68,-1.1,-13.8,-1.3,-1,-.4,.4,2.1,4.5,7.5,13.5,17,1.4,1.9,,{박무}2150-2240. {박무}2310-{박무}{강도0}2400-,
108,서울,2024-01-27,-.5,-4.6,801,4.6,1503,,,,,,,10.2,8,1200,2.11,12.43,.3,-12.9,-.9,-.7,-.4,.4,2,4.5,7.5,13.4,16.9,1.4,2.1,,-{박무}-{박무}{강도0}0300-0440. {박무}0610-0850. {박무}2155-2340.,
108,서울,2024-01-28,-1.5,-5,753,3.8,1524,,,,,,,10.2,8,1300,2.16,12.52,.5,-12.4,-.8,-.6,-.4,.3,1.9,4.4,7.4,13.3,16.9,1.3,1.9,,,
108,서울,2024-01-29,-.4,-4.8,718,4.6,1440,,,,,,,10.2,9.2,1300,2.01,12.65,.3,-13.1,-.9,-.7,-.4,.3,1.9,4.3,7.3,13.2,16.8,1.4,2,,,
108,서울,2024-01-30,1.4,-4,738,8.1,1559,,,,,,,10.3,9.4,1200,2.2,12.73,1,-12.2,-.8,-.6,-.4,.3,1.9,4.3,7.3,13.1,16.8,1.7,2.5,,{박무}0115-{박무}{강도0}0300-{박무}{강도0}0600-{박무}{강도0}0900-1025. {연무}1020-1120.,
108,서울,2024-01-31,4.7,.7,1,10.6,1447,,,,,,,10.3,8.9,1200,2.05,12.65,2.7,-5.7,-.5,-.3,-.4,.3,1.9,4.2,7.2,13.1,16.7,2,2.9,,{연무}1910-{연무}{강도0}2100-{연무}{강도0}2400-,
108,서울,2024-02-01,2.4,-1.3,717,8.2,1543,,,,,,,10.3,6.8,1300,1.8,10.12,1.6,-7.3,-.3,-.3,-.4,.3,1.8,4.2,7.1,13,16.7,1.6,2.3,,{박무}0115-{박무}{강도0}0300-{박무}{강도0}0600-{박무}{강도0}0900-1040. -{연무}-0120. {연무}1035-{연무}{강도0}1200-{연무}{강도0}1500-{연무}{강도0}1800-{연무}{강도0}2100-2120.,
108,서울,2024-02-02,3.1,.7,2355,7.9,1352,,,,,,,10.3,4.4,1300,2.11,10.3,2.6,-8.3,-.2,-.2,-.3,.3,1.8,4.1,7.1,12.9,16.6,1.5,2.2,,{연무}1250-{연무}{강도0}1500-{연무}{강도0}1800-{연무}{강도0}2100-2345. {박무}2340-{박무}{강도0}2400-,
108,서울,2024-02-03,4.7,-.2,208,8.3,1430,1.83,,,,,0,10.4,1,1200,1.37,6.77,1.6,-8.2,-.2,-.2,-.3,.3,1.8,4.1,7,12.8,16.6,1.1,1.6,0,-{박무}-{박무}{강도0}0300-0340. {비}1945-{비}{강도0}2100-2135.,
108,서울,2024-02-04,7.3,3.7,704,12.2,1411,,,,,,,10.4,4.6,1200,2.03,10.88,4.3,-.8,-.1,-.2,-.3,.3,1.8,4,7,12.8,16.5,1.8,2.6,1.2,,
108,서울,2024-02-05,2.7,.1,2113,6.6,1,21,,,,,3.9,10.5,0,1400,.64,3.47,1.9,-.3,-.1,-.2,-.3,.3,1.9,4,6.9,12.7,16.5,.7,1,2.9,{비}0120-{비}{강도0}0300-0355. {비}0535-{비}{강도0}0600-{비}{강도0}0900-{진눈깨비}1130-{진눈깨비}{강도0}1200-{진눈깨비}{강도0}1500-{눈}1635-{눈}{강도0}1800-{눈}{강도0}2100-{눈}{강도0}2400- {박무}1720-{박무}{강도2}1800-{박무}{강도2}2100-2240.,
108,서울,2024-02-06,1.2,0,135,2.9,1224,7.83,,,,,.2,10.5,0,1000,.65,4.49,.3,-1.2,-.1,-.2,-.3,.4,2,4,6.9,12.6,16.4,.6,.9,0,-{눈}-0255. {눈}0605-0725. {눈}1430-{눈}{강도0}1500-1530. {비}1810-{진눈깨비}1835-1845. {눈}2020-{눈}{강도0}2100-2125. {박무}2055-{박무}{강도0}2100-{박무}{강도0}2400- {눈}2305-{눈}{강도0}2400-,
108,서울,2024-02-07,.6,-.9,700,2.7,1435,3.25,,,,,0,10.5,0,1300,.56,3.61,.8,-7.8,-.1,-.2,-.2,.5,2.1,4,6.8,12.6,16.4,.6,.8,,-{박무}-0140. {박무}0250-{박무}{강도0}0300-{박무}{강도0}0600-{박무}{강도0}0900-1150. -{눈}-{눈}{강도0}0300-0315.,
108,서울,2024-02-08,.6,-3,716,6.2,1532,,,,,,,10.6,9.2,1200,2.31,13.96,2.6,-11.2,-.2,-.2,-.1,.6,2.2,4,6.8,12.5,16.3,1.6,2.3,,{박무}0755-{박무}{강도0}0900-0955.,
108,서울,2024-02-09,1.1,-2.5,731,6.1,1428,,,,,,,10.6,6.9,1300,2.27,12.47,2.1,-10,-.2,-.2,0,.8,2.3,4,6.8,12.4,16.3,1.5,2.2,,{박무}0905-1105.,
108,서울,2024-02-10,1.7,-1.5,542,7.4,1437,,,,,,,10.6,5.6,1300,2.33,11.32,2.6,-9.8,-.1,-.1,.2,1,2.3,4.1,6.8,12.4,16.3,1.5,2.2,,{박무}0745-{박무}{강도0}0900-1155. {연무}1150-{연무}{강도0}1200-1405. {연무}1635-{연무}{강도0}1800-{연무}{강도0}2100-{연무}{강도0}2400-,
108,서울,2024-02-11,1,-3.1,738,5.5,1356,1.5,,,,,0,10.7,5.6,1200,2.26,10.38,.6,-12.4,0,.1,.4,1.1,2.5,4.1,6.8,12.3,16.2,1.2,1.8,0,{박무}0020-{박무}{강도0}0300-{박무}{강도0}0600-0650. -{연무}-0025. {연무}1315-{연무}{강도0}1500-{연무}{강도1}1800-{연무}{강도0}2100-2155. {눈}1455-{눈}{강도0}1500-1625. {박무}2150-{박무}{강도1}2400-,
108,서울,2024-02-12,3.5,-2.9,713,10.5,1601,,,,,,,10.7,9.7,1200,2.39,15.35,3.5,-11.3,.4,.4,.6,1.2,2.4,4.1,6.7,12.2,16.2,2.1,3,,-{박무}-{박무}{강도0}0300-0325. {박무}0505-{박무}{강도0}0600-{박무}{강도0}0900-1110. {연무}1105-{연무}{강도0}1200-1330. {연무}1945-{연무}{강도0}2100-{연무}{강도0}2400-,
108,서울,2024-02-13,8.2,2,615,13.7,1441,,,,,,,10.7,5.5,1100,2.14,10.98,3.9,-4.7,1.7,1.4,1.4,1.7,2.7,4.1,6.7,12.2,16.1,1.7,2.5,,-{연무}-{연무}{강도0}0300-{연무}{강도0}0600-0730. {박무}0725-{박무}{강도0}0900-1020. {연무}1015-1120. {박무}2140-{박무}{강도0}2400-,
108,서울,2024-02-14,12.9,8.8,1,18.3,1448,,,,,,,10.8,4,1400,1.82,10.39,10.5,4.7,5.5,5,4,3.5,3.4,4.2,6.7,12.1,16.1,1.8,2.5,.1,-{박무}-{박무}{강도0}0300-{박무}{강도0}0600-{박무}{강도0}0900-1110. {박무}2020-{박무}{강도0}2100-{박무}{강도0}2400-,
108,서울,2024-02-15,4.5,.6,2357,11.6,1,13.33,,,,,10.9,10.8,.9,1600,.85,2.71,4.4,-4.8,5.9,6,5.7,5.4,4.9,4.4,6.7,12.1,16,.5,.7,10.8,{이슬비}0135-{이슬비}{강도0}0300-{이슬비}{강도0}0600-{비}0825-{비}{강도0}0900-{비}{강도0}1200-{진눈깨비}1245-{눈}1315-{시정(미만)}{1km}{눈}1332-{시정(이상)}{1km}{눈}1340-1455. -{박무}-{박무}{강도2}0300-{박무}{강도1}0600-{시정(미만)}{1km}{안개}0802-{시정(이상)}{1km}{박무}0829-{박무}{강도0}0900-{박무}{강도0}1200-{박무}{강도0}1500-1515.,.45
108,서울,2024-02-16,2.3,-1.5,643,8.1,1540,,,,,,,10.8,7.9,1300,2.5,13.32,3.9,-8.8,3.2,3.5,3.6,4.1,4.9,4.8,6.8,12,16,1.6,2.3,,{박무}2340-{박무}{강도0}2400-,
108,서울,2024-02-17,4.4,-1.2,745,11.7,1525,,,,,,,10.9,8.7,1200,2.55,15.33,4.8,-8.4,3.4,3.4,3.3,3.7,4.5,5,6.9,12,15.9,1.9,2.8,,-{박무}-{박무}{강도0}0300-{박무}{강도0}0600-{박무}{강도0}0900-1005. {연무}1935-{연무}{강도0}2100-2130. {박무}2245-{박무}{강도0}2400-,
108,서울,2024-02-18,6.2,1.2,717,9.4,2357,10.08,,,,,17.1,10.9,1.1,800,.64,3.01,3.3,-5.8,3.7,3.7,3.5,3.9,4.6,5.1,7,11.9,15.9,.7,1,24.6,-{박무}-{박무}{강도0}0300-{박무}{강도0}0600-{박무}{강도0}0900-0905. {비}1355-{비}{강도0}1500-{비}{강도1}1800-{비}{강도0}2100-{비}{강도0}2400- {박무}1705-{박무}{강도0}1800-{박무}{강도0}2100-{박무}{강도1}2400-,
108,서울,2024-02-19,9.1,4.2,2348,11.9,1028,19.5,,,,,8.9,11,0,1400,.24,1.37,8.5,3.5,6.6,6.2,5.4,5,4.9,5.1,7,11.8,15.8,.4,.6,1.7,-{비}-{비}{강도0}0300-{이슬비}0530-{이슬비}{강도2}0600-{이슬비}{강도2}0900-{이슬비}{강도1}1200-{이슬비}{강도0}1500-{비}1730-{비}{강도0}1800-{이슬비}1830-1855. -{박무}-{박무}{강도2}0300-{시정(미만)}{1km}{안개}0428-{시정(미만)}{0.5km}{안개}0444-{시정(이상)}{0.5km}{안개}0508-{시정(미만)}{0.5km}{안개}0558-{안개}{강도1}0600-{시정(이상)}{0.5km}{안개}0643-{시정(이상)}{1km}{박무}0654-{시정(미만)}{1km}{안개}0730-{시정(미만)}{0.5km}{안개}0738-{시정(이상)}{0.5km}{안개}0816-{시정(미만)}{0.5km}{안개}0846-{안개}{강도1}0900-{시정(이상)}{0.5km}{안개}1130-{안개}{강도0}1200-{시정(미만)}{0.5km}{안개}1210-{시정(이상)}{0.5km}{안개}1338-{시정(이상)}{1km}{박무}1345-{박무}{강도1}1500-{박무}{강도0}1800-1805. {박무}1905-2010. {이슬비}2140-2155. {이슬비}2335-2355.,8.68
108,서울,2024-02-20,4.3,2.8,506,6.8,1432,10.08,,,,,2.6,11,0,1000,.37,2.34,4.8,2.3,5.5,5.4,5.3,5.5,5.6,5.2,7,11.8,15.8,.7,1,8.7,{비}0115-{비}{강도0}0300-0310. {박무}0145-{박무}{강도0}0300-0330. {박무}0725-{박무}{강도0}0900-{박무}{강도0}1200-1305. {비}1340-{비}{강도0}1500-{비}{강도0}1800-1945. {이슬비}2005-2045. {비}2235-{비}{강도0}2400-,
108,서울,2024-02-21,1.9,0,2349,4,101,24,,,,,17.8,11,0,1400,.48,2.77,2.3,.2,3.9,4.2,4.4,4.8,5.5,5.5,7,11.8,15.8,.4,.5,20.2,-{비}-{비}{강도0}0300-{비}{강도0}0600-{비}{강도0}0900-{진눈깨비}1150-{진눈깨비}{강도0}1200-{진눈깨비}{강도0}1500-{눈}1750-{눈}{강도0}1800-{눈}{강도0}2100-{눈}{강도0}2400- {박무}0650-0710. {박무}1210-1450. {박무}1740-{박무}{강도0}1800-{박무}{강도1}2100-{박무}{강도2}2400-,
108,서울,2024-02-22,.2,-1.1,653,1.6,1325,17.17,,,,,8.8,11.1,0,1300,.86,4.5,.3,0,2.5,2.9,3.2,3.9,5.1,5.6,7.1,11.6,15.7,.7,1,.4,-{눈}-{시정(미만)}{1km}{눈}0123-{시정(이상)}{1km}{눈}0135-{시정(미만)}{1km}{눈}0201-{시정(이상)}{1km}{눈}0219-{시정(미만)}{1km}{눈}0257-{눈}{강도1}0300-{시정(이상)}{1km}{눈}0334-{시정(미만)}{1km}{눈}0352-{시정(이상)}{1km}{눈}0449-{눈}{강도0}0600-0750. -{박무}-{박무}{강도2}0300-{박무}{강도1}0600-0710. {눈}1115-{눈}{강도0}1200-1210. {눈}1440-{눈}{강도0}1500-1755. {눈}1850-{눈}{강도0}2100-{눈}{강도0}2400-,
108,서울,2024-02-23,1.8,-1,702,6.1,1458,3.83,,,,,.4,11.1,5.8,1300,2.72,15.28,.6,-1.8,2.3,2.6,2.7,3.3,4.6,5.6,7.1,11.3,15.7,2.1,3,,-{눈}-{눈}{강도0}0300-0350.,
108,서울,2024-02-24,2,-1.3,657,5.9,1418,6.75,,,,,2.3,11.1,5.5,1300,2.22,12.07,3.1,-3.9,2.4,2.2,2.3,2.9,4.2,5.5,7.1,11.2,15.6,1.3,1.9,4.1,{비}1715-{비}{강도0}1800-{진눈깨비}2030-{진눈깨비}{강도0}2100-{진눈깨비}{강도0}2400- {박무}1855-{박무}{강도0}2100-{박무}{강도0}2400-,
108,서울,2024-02-25,2.8,.8,602,5.9,1549,10.42,,,,,1.8,11.2,.9,1100,1.49,7.55,2.7,-4,3.4,3.2,3,3.3,4.1,5.4,7.2,11.2,15.6,.9,1.3,0,-{눈}-{눈}0250-{눈}{강도0}0300-{눈}{강도0}0600-{진눈깨비}0850-{진눈깨비}{강도0}0900-1025. -{박무}-0250. {박무}0330-{박무}{강도0}0600-0650. {박무}0750-0835.,
108,서울,2024-02-26,3.8,-1.2,656,9.7,1414,,,,,,,11.2,6.8,1200,2.66,14.98,3.1,-8.5,3.5,3.3,3.2,3.5,4.3,5.3,7.1,11.1,15.5,2.1,3.1,,{박무}0245-{박무}{강도0}0300-{박무}{강도0}0600-0810.,
108,서울,2024-02-27,5.3,1.2,607,9.8,1510,,,,,,,11.3,5.5,1400,2.02,13.06,4.9,-3.9,3.9,3.7,3.5,3.8,4.5,5.3,7.1,11,15.5,2,2.9,,,
108,서울,2024-02-28,6.4,3.2,712,10.1,1509,,,,,,,11.3,1.7,1200,1.81,10.2,5.9,-.7,5.1,4.8,4.5,4.5,4.8,5.3,7.1,11,15.4,1.5,2.1,,,
108,서울,2024-02-29,4.8,.3,2400,9.6,1539,,,,,,,11.3,1.2,1500,1.17,7.01,4.4,-2.9,5,4.9,4.8,4.9,5.2,5.4,7.1,11.1,15.4,1.7,2.4,,{박무}0125-{박무}{강도0}0300-{박무}{강도0}0600-0715. {연무}1610-1730. {연무}1950-{연무}{강도0}2100-2110.,
108,서울,2024-03-01,-4.1,-7.1,2355,.3,1,,,,,,,11.4,10.6,1300,2.93,20.33,1.3,-9.9,2.6,2.8,3.5,4.3,5.2,5.5,7.2,11.1,15.3,2.1,3,,,
108,서울,2024-03-02,-.5,-8.1,253,4.1,2356,2,,,,,0,11.4,5.8,1100,2.43,13.21,-.2,-14.1,1.2,1.4,2,3,4.5,5.6,7.2,11.1,15.3,1.6,2.2,0,{눈}1210-1255. {눈}1905-2020. {박무}2330-{박무}{강도0}2400-,
108,서울,2024-03-03,4,.4,724,7.8,1335,,,,,,,11.5,6.6,1200,2.24,13.52,2.8,-6.5,2.8,2.4,2.3,2.8,4.1,5.5,7.3,11.1,15.3,1.7,2.4,,-{박무}-{박무}{강도0}0300-{박무}{강도1}0600-{박무}{강도1}0900-0950. {연무}0945-{연무}{강도0}1200-{연무}{강도0}1500-{연무}{강도0}1800-{연무}{강도1}2100-2225. {박무}2220-{박무}{강도1}2400-,
108,서울,2024-03-04,5.4,-1.8,714,11.7,1508,,,,,,,11.5,9.5,1200,2.87,17.79,4.5,-10.6,3.7,3.4,3.2,3.5,4.4,5.4,7.3,11.1,15.2,3.4,4.8,,-{박무}-{박무}{강도1}0300-0540. {햇무리}1650-1745.,
108,서울,2024-03-05,8,5.5,2357,11,1310,,,,,,,11.5,.1,1100,1.4,6.29,5.1,3.2,5.2,4.8,4.5,4.4,4.8,5.4,7.3,11.1,15.2,1.8,2.5,,,
108,서울,2024-03-06,6.2,2.5,640,10.3,1613,,,,,,,11.6,2.3,1100,1.92,10.31,5.3,-1.3,5.3,5,4.7,4.8,5.2,5.5,7.3,11.1,15.1,2,2.8,0,,
108,서울,2024-03-07,3.9,1.2,2357,8.2,1258,3.83,,,,,2.1,11.6,2.5,1200,2.48,8.77,3.6,-2.9,5.1,4.9,4.8,5,5.5,5.6,7.3,11.1,15.1,1.4,2,2.1,{눈}0455-0520. {비}1025-1050. {비}1140-{진눈깨비}1155-{진눈깨비}{강도0}1200-1205. {비}1405-{비}{강도0}1500-{싸락눈}1505-{비}1515-1640. {박무}1515-1630.,
108,서울,2024-03-08,2.1,-.7,458,6.5,1338,,,,,,,11.7,10.4,1200,2.93,19.91,2.8,-7.6,3.8,3.7,3.9,4.5,5.4,5.8,7.4,11.1,15,2.8,4.1,,{연무}0505-{연무}{강도0}0600-0810.,
108,서울,2024-03-09,2,-2.1,726,7.1,1546,,,,,,,11.7,10.9,1200,3.02,21.15,3.9,-9,3.6,3.4,3.6,4.1,5.1,5.8,7.4,11,15,2.8,4,,,
108,서울,2024-03-10,4.2,-1.8,654,10.6,1455,,,,,,,11.7,10.9,1200,2.94,20.38,4.7,-9.9,4.2,3.9,3.9,4.2,5.1,5.8,7.5,11,14.9,2.8,3.9,,,
108,서울,2024-03-11,6.2,2,609,10.8,1711,,,,,,,,,,,,4.4,-3.9,4.8,4.5,4.4,4.7,5.3,5.8,7.5,11,14.9,.8,1.1,.3,,
108,서울,2024-03-12,6.6,4.4,2344,10,1541,5.88,,,,,2.1,11.8,0,1600,.19,.3,5.7,-3.4,5.3,5.1,4.9,5,5.5,5.9,7.5,11,14.9,.4,.5,1.8,{비}0640-{비}{강도0}0900-0930. {박무}0805-{박무}{강도0}0900-0935. {비}1305-1425. {비}1540-{싸락우박}1550-1558. {비}1625-1750. {박무}1830-{박무}{강도0}2100-2110.,
108,서울,2024-03-13,6.5,1.3,711,12,1347,,,,,,,11.9,10.9,1200,3.04,20.78,5.6,-6,5.5,5.2,5,5.1,5.6,5.9,7.5,11,14.8,3.2,4.5,,,
108,서울,2024-03-14,8.5,3.4,652,15.4,1442,,,,,,,11.9,,,,,8.8,-4.2,6.7,6.3,5.8,5.8,6,6,7.6,11,14.8,,,,{연무}0055-{연무}{강도0}0300-0550. {박무}0545-{박무}{강도0}0600-{박무}{강도0}0900-1010. {연무}1005-1150. {연무}1335-1405. {연무}2150-{연무}{강도0}2400-,
108,서울,2024-03-15,8.9,4,645,14.5,1533,,,,,,,11.9,10.6,1200,2.9,20.18,9.3,-5,7.5,7.1,6.7,6.6,6.6,6.2,7.6,10.9,14.7,2.9,4.2,,{박무}0050-{박무}{강도0}0300-{박무}{강도0}0600-{박무}{강도0}0900-0905. -{연무}-0055. {연무}1025-1140. {연무}1845-{연무}{강도0}2100-2355. {박무}2350-{박무}{강도0}2400-,
108,서울,2024-03-16,10.9,4.4,626,18.3,1515,,,,,,,12,8.3,1200,2.99,18.28,10.3,-2.8,8.5,8.1,7.5,7.2,7.1,6.4,7.7,10.9,14.7,3.5,5,.1,-{박무}-{박무}{강도0}0300-{박무}{강도1}0600-{박무}{강도0}0900-0955. {연무}0950-{연무}{강도0}1200-1210.,
108,서울,2024-03-17,8.8,5.4,2253,12.2,1451,.75,,,,,.1,12,8.7,1300,2.81,18.59,11,.3,9.2,8.8,8.4,8.2,7.7,6.6,7.8,10.9,14.7,3.8,5.4,,{박무}0515-{박무}{강도2}0600-{박무}{강도0}0900-0925. {비}0550-{비}{강도0}0600-0635. {황사}1030-{황사}{강도0}1200-{황사}{강도0}1500-{황사}{강도0}1800-1830.,
108,서울,2024-03-18,7.1,1.4,711,13.2,1356,,,,,,,12.1,10.6,1200,3.08,21.33,9,-7.9,7.8,7.6,7.6,7.8,7.9,6.9,7.9,10.9,14.6,4.4,6.3,0,,
108,서울,2024-03-19,6.7,3.9,2400,9.8,1318,1.5,,,,,.2,12.1,2.7,1400,1.56,9.63,8.8,.9,7.6,7.5,7.4,7.6,7.9,7.1,8,10.9,14.6,1.9,2.7,.2,{비}0735-0755. {비}1045-1140. {연무}1245-{연무}{강도0}1500-1555. {연무}1705-{연무}{강도0}1800-2010. {비}2240-2255.,
108,서울,2024-03-20,4.4,1.2,643,8.7,1521,,,,,,,12.1,9,1100,2.72,19.09,7.2,-4.7,6.5,6.6,6.7,7.1,7.7,7.2,8.1,10.9,14.6,2.8,4,,,
108,서울,2024-03-21,5,-1.2,636,11.5,1429,,,,,,,12.2,11.3,1200,3.16,22.43,7.7,-10,6.4,6.3,6.2,6.6,7.4,7.3,8.2,10.9,14.5,3.5,5,,,
108,서울,2024-03-22,10.4,3.8,31,15.2,1622,7.25,,,,,5.4,12.2,3.5,1100,2.31,10.25,8.9,-1.2,7.5,7.2,6.9,7.1,7.4,7.3,8.4,10.8,14.5,2.4,3.4,5.5,{비}1520-{비}{강도0}1800-{비}{강도0}2100-2125. {박무}1930-{박무}{강도0}2100-2110. {비}2250-{비}{강도0}2400- {박무}2345-{박무}{강도0}2400-,
108,서울,2024-03-23,13,9.3,718,18.2,1618,2.75,,,,,.1,12.3,8.2,1200,3.14,19.2,14,3.7,10.5,9.9,9,8.4,7.9,7.4,8.4,10.8,14.5,3.4,4.8,,-{비}-0050. {이슬비}0150-{이슬비}{강도0}0300-0345. -{박무}-{박무}{강도0}0300-{박무}{강도0}0600-{박무}{강도0}0900-1135. {연무}1130-{연무}{강도0}1200-1240. {달무리}2045-2130.,
108,서울,2024-03-24,16.2,10.5,237,23.4,1626,,,,,,,12.3,8.1,1300,3.1,19.89,14.5,2.8,11.4,10.9,10.2,9.7,8.9,7.6,8.5,10.8,14.4,4.4,6.2,,,
108,서울,2024-03-25,10.6,6.7,2332,14.5,1,11.08,,,,,5.1,12.4,0,1000,.73,4.68,9.4,5,10.6,10.6,10.4,10.3,9.7,7.9,8.6,10.8,14.4,1.4,1.9,16.6,{비}1255-{비}{강도0}1500-{비}{강도0}1800-{비}{강도0}2100-{비}{강도0}2400-,
108,서울,2024-03-26,7.4,3.2,800,12.4,1540,10.42,,,,,11.5,12.4,2.3,1300,2.85,13.76,9.6,1.2,9.3,9.1,9,9.2,9.4,8.2,8.7,10.8,14.4,1.8,2.5,0,-{비}-{비}{강도0}0300-{비}{강도0}0600-{비}{강도0}0900-1025. {박무}0340-0410.,
108,서울,2024-03-27,10.4,4.4,634,16.2,1522,,,,,,,12.4,8.8,1100,2.6,18.46,11.8,-1.5,10.1,9.7,9.3,9.2,9.4,8.4,8.9,10.8,14.3,2.5,3.6,1.5,{햇무리}1250-1550.,
108,서울,2024-03-28,10.3,7.8,2353,12.2,1629,10.83,,,,,1.9,12.5,0,1300,.62,4.13,10.8,5.1,10.5,10.3,10,9.9,9.8,8.5,9,10.8,14.3,.9,1.3,.4,{비}0415-{비}{강도0}0600-{비}{강도0}0900-1015. {박무}0520-{박무}{강도1}0600-{박무}{강도0}0900-1005. {비}1130-{비}{강도0}1200-1455. {비}1855-2020. {박무}1925-{박무}{강도0}2100-{박무}{강도0}2400- {황사}2330-{황사}{강도0}2400-,
108,서울,2024-03-29,7.6,5,2352,12.3,1611,4.75,,,,,1.4,12.5,2.5,1500,1.66,6.68,7.7,-3.3,9.1,9,9.1,9.3,9.8,8.7,9.2,10.8,14.3,1.3,1.9,1.4,-{박무}-{박무}{강도0}0300-{박무}{강도0}0600-0810. -{황사}-{황사}{강도1}0300-{황사}{강도1}0600-{황사}{강도1}0900-{황사}{강도0}1200-1350. {비}0910-{비}{강도0}1200-{이슬비}1230-{비}1310-1355. {박무}0935-{박무}{강도0}1200-{박무}{강도0}1500-1620. {연무}1615-1710. {황사}1745-{황사}{강도0}1800-{황사}{강도0}2100-{황사}{강도0}2400-,
108,서울,2024-03-30,8.8,3,559,15.6,1510,,,,,,,12.5,5.4,1300,2.85,16.07,9.1,-3.7,8.7,8.4,8.3,8.6,9.3,8.8,9.3,10.9,14.3,2.9,4.1,,-{황사}-{황사}{강도0}0300-{황사}{강도0}0600-{황사}{강도0}0900-{황사}{강도0}1200-{황사}{강도0}1500-{황사}{강도0}1800-{황사}{강도0}2100-2220.,
108,서울,2024-03-31,10.6,3.4,610,17.7,1544,,,,,,,12.6,10.1,1200,3.22,22.79,11.6,-4.9,9.5,9.2,8.8,8.9,9.3,8.8,9.4,10.9,14.2,4.3,6.1,,,
108,서울,2024-04-01,12.2,5.5,613,19,1502,,,,,,,12.6,11.5,1200,3.27,23.72,12.9,-2.7,10.7,10.4,9.9,9.7,9.6,8.9,9.5,10.9,14.2,5.4,7.8,,,
108,서울,2024-04-02,15.4,7,549,23.9,1422,,,,,,,12.7,9.5,1300,3.08,21.69,14.8,-.7,11.7,11.3,10.7,10.4,10.1,9,9.6,10.9,14.2,4.7,6.7,,,
108,서울,2024-04-03,16.6,13.9,113,19.7,1348,.25,0,,0,,0,12.7,.3,1300,1.29,7.18,13.4,5.3,12.8,12.4,11.8,11.4,10.7,9.2,9.7,10.9,14.1,2.1,3,0,{비}1155-{비}{강도0}1200-1210.,
108,서울,2024-04-04,15.5,12.4,621,20.3,1313,,,,,,,12.8,3.6,1000,2.55,15.47,14.2,7.7,13.4,13,12.3,11.8,11.1,9.4,9.8,10.9,14.1,3.5,4.9,,,
108,서울,2024-04-05,14,10.2,2354,18.8,1437,,,,,,,12.8,6.2,1400,2.71,17.11,14.7,1.9,13.6,13.2,12.6,12.2,11.6,9.7,9.9,10.9,14.1,3.3,4.7,,,
108,서울,2024-04-06,12.7,8,607,18.9,1440,,,,,,,12.8,6.6,1200,3.06,17.49,13.6,.2,12.9,12.7,12.4,12.2,11.8,9.9,10,11,14.1,3.7,5.3,,{연무}0305-0555. {박무}0550-{박무}{강도0}0600-{박무}{강도0}0900-0905. {햇무리}0750-0815. {연무}0901-0920.,
108,서울,2024-04-07,14.8,7.7,618,23.4,1551,,,,,,,12.9,11.4,1200,3.17,23.4,16,0,13.3,12.9,12.4,12.1,11.8,10.2,10.2,11,14.1,5.3,7.6,,,
108,서울,2024-04-08,16.2,11,604,22.8,1432,,,,,,,12.9,2,1300,2.38,14.44,15.9,2.8,13.9,13.6,13,12.7,12.2,10.3,10.4,11,14,4.1,5.9,,,
108,서울,2024-04-09,15.3,10.6,703,20.8,1601,,,,,,,12.9,11.9,1200,3.39,25.68,17.6,3.8,14.4,14.1,13.5,13.1,12.5,10.5,10.5,11,14,5.8,8.2,,,
108,서울,2024-04-10,13.8,10.2,607,18.5,1418,,,,,,,13,3.9,1300,2.36,15.38,15.1,2.9,14.2,13.9,13.5,13.3,12.7,10.8,10.7,11,14,2.5,3.6,0,,
108,서울,2024-04-11,15.5,11.7,422,21.1,1543,.83,0,,0,,0,13,4,1300,2.3,14.28,16.2,6,14.8,14.5,13.9,13.5,12.9,11,10.8,11.1,14,2.9,4.1,,{비}0735-0825.,
108,서울,2024-04-12,17.2,12,324,24.2,1606,,,,,,,13.1,9.8,1300,3.23,23.59,19.8,4.8,15.8,15.4,14.5,14,13.2,11.2,11,11.1,13.9,4.7,6.8,,{연무}0750-{연무}{강도0}0900-0935.,
108,서울,2024-04-13,19.1,11.2,606,27.3,1547,,,,,,,13.1,12.1,1200,3.33,25.65,21.5,3.9,16.9,16.4,15.5,14.8,13.8,11.4,11.2,11.1,13.9,5.7,8.1,,,
108,서울,2024-04-14,20.8,13.6,606,29.4,1442,,,,,,,13.1,11.7,1200,3.34,24.93,23.1,6,18,17.4,16.4,15.7,14.4,11.7,11.3,11.2,13.9,6.1,8.7,1.9,,
108,서울,2024-04-15,16,11.7,2110,20,731,12.17,3,915,8,847,17.1,13.2,0,1100,.66,3.18,15.3,11.2,16.7,16.6,16.3,16,15,12,11.5,11.2,13.9,.8,1.1,17.5,{비}0755-{비}{강도0}0900-{비}{강도0}1200-{비}{강도0}1500-{비}{강도0}1800-1840. {박무}0825-{박무}{강도0}0900-1030. {박무}1245-{박무}{강도0}1500-{박무}{강도0}1800-{박무}{강도0}2100-{박무}{강도0}2400- {이슬비}2055-{이슬비}{강도0}2100-2220.,
108,서울,2024-04-16,13.3,11.5,228,17.9,1610,6.08,.4,752,1.2,729,2.3,13.2,3.7,1200,2.56,13.45,15.9,5.7,15.6,15.4,15,14.9,14.7,12.3,11.7,11.2,13.9,2.3,3.3,0,{이슬비}0105-{비}0220-{비}{강도0}0300-0350. -{박무}-{박무}{강도0}0300-{박무}{강도0}0600-{박무}{강도0}0900-{박무}{강도0}1200-1310. {비}0425-0435. {비}0605-0850. {이슬비}0915-0940. {황사}1235-{황사}{강도0}1500-{황사}{강도0}1800-{황사}{강도0}2100-{황사}{강도0}2400- {박무}2040-{박무}{강도0}2100-{박무}{강도1}2400-,
108,서울,2024-04-17,15,9.7,556,21.8,1507,,,,,,,13.3,10.3,1100,3.04,23.2,17.9,4.9,15.9,15.6,15.1,14.9,14.6,12.5,11.9,11.3,13.9,3.9,5.6,,-{박무}-{박무}{강도1}0300-{박무}{강도1}0600-{박무}{강도0}0900-0945. -{황사}-{황사}{강도0}0300-{황사}{강도0}0600-0650. {연무}0940- {황사}1150-1155.{황사}{강도0}1200-{황사}{강도0}1500-{황사}{강도0}1800-{황사}{강도0}2100-{황사}{강도0}2400-,
108,서울,2024-04-18,17.3,10.7,547,24.9,1454,,,,,,,13.3,11.7,1200,3.36,25.45,19.2,4.3,16.6,16.3,15.7,15.3,14.9,12.7,12.1,11.3,13.8,5.5,7.9,,-{황사}-{황사}{강도0}0300-{황사}{강도0}0600-{황사}{강도0}0900-{황사}{강도0}1200-{황사}{강도0}1500-{황사}{강도0}1800-2010.,
108,서울,2024-04-19,17.6,11.5,637,24.3,1518,,,,,,,13.3,10.4,1200,3.32,23.5,19.7,5.3,17.1,16.8,16.2,15.8,15.2,12.9,12.3,11.3,13.8,4.4,6.3,,{연무}1155-{연무}{강도0}1200-{연무}{강도0}1500-1515.,
108,서울,2024-04-20,14.9,13,2129,17.2,950,14,.4,1447,1.2,1819,4.8,13.4,0,1000,.68,4.46,14.5,10.2,16.1,16.2,16.1,16,15.6,13.1,12.5,11.4,13.8,1.4,1.9,4.8,{연무}0230-{연무}{강도0}0300-{연무}{강도0}0600-{연무}{강도0}0900-1020. {비}0930-{비}{강도0}1200-{비}{강도0}1500-{비}{강도0}1800-{비}{강도0}2100-2330. {박무}1410-{박무}{강도0}1500-{박무}{강도0}1800-1950.,
108,서울,2024-04-21,17.2,13.3,1,21.7,1220,,,,,,,13.4,1,1100,2.56,11.86,16.7,12.2,16.1,15.8,15.4,15.3,15.2,13.3,12.6,11.4,13.8,3.2,4.5,,,
108,서울,2024-04-22,18.8,15,523,24.1,1702,,,,,,,13.4,4.6,1400,2.96,19.34,21.6,14.4,17.2,16.8,16.1,15.8,15.4,13.4,12.8,11.5,13.8,4.8,6.9,,,
108,서울,2024-04-23,17.3,13.2,603,24.2,1356,3.33,0,,0,,0,13.5,6,1300,3.5,19.16,18.4,12.2,17.7,17.5,16.9,16.5,15.7,13.5,12.9,11.5,13.8,4.1,5.8,8.5,{비}1845-{비}{강도0}2100-2125. {비}2155-2235.,
108,서울,2024-04-24,13.2,11,2330,16.5,1351,7,.9,541,4.3,542,9,13.5,1.9,1000,1.9,9.53,14.2,10.3,16.2,16.2,16.1,16.2,16,13.7,13.1,11.6,14.7,1.6,2.3,.5,{비}0135-0220. {비}0325-{비}{강도0}0600-{비}{강도0}0900-0940. {박무}0450-{박무}{강도0}0600-0650. {박무}2355-{박무}{강도0}2400-,
108,서울,2024-04-25,14.4,10.3,602,20.8,1621,,,,,,,13.6,6.2,1200,3.54,18.59,17.9,10.3,16.3,16.1,15.6,15.5,15.6,13.8,13.2,11.6,14.6,3.3,4.7,,-{박무}-0010. {박무}0405-{박무}{강도0}0600-{박무}{강도0}0900-{박무}{강도0}1200-1235. {연무}1230-{연무}{강도0}1500-1540. {연무}1620-{연무}{강도0}1800-{연무}{강도0}2100-2250. {박무}2245-{박무}{강도0}2400-,
108,서울,2024-04-26,17.8,11.4,603,26,1543,,,,,,,13.6,10.7,1200,3.3,23.74,20.4,9.1,17.4,17.1,16.4,16.1,15.7,13.9,13.4,11.7,14.6,4.9,7,,-{박무}-{박무}{강도0}0300-{박무}{강도0}0600-{박무}{강도0}0900-0935. {연무}0930-1010. {햇무리}0950-1140. {황사}1545-{황사}{강도0}1800-{황사}{강도0}2100-2120. {연무}2335-{연무}{강도0}2400-,
108,서울,2024-04-27,18.2,11.5,601,26.2,1525,,,,,,,13.6,12.5,1200,3.53,28.23,23.1,6.8,18.3,18,17.3,16.8,16.2,14,13.5,11.8,14.6,,,,-{연무}-{연무}{강도0}0300-0320. {연무}0840-{연무}{강도0}0900-1010.,
108,서울,2024-04-28,20.7,13,558,28.9,1559,,,,,,,13.7,11.4,1200,3.46,25.14,24.3,8.4,19.2,18.8,18,17.5,16.6,14.2,13.6,11.8,14.6,5.4,7.7,,{햇무리}1350-1510.,
108,서울,2024-04-29,20.9,16.9,553,26.1,1456,,,,,,,13.7,8.8,1100,3.11,21.36,24,15.7,19.8,19.6,18.8,18.2,17.1,14.4,13.7,11.9,14.6,4.9,7,,,
108,서울,2024-04-30,18.6,16,2354,22.5,1417,,,,,,,13.7,5.5,1200,2.55,17.95,23.9,12.9,19.9,19.7,19,18.5,17.5,14.7,13.9,11.9,14.6,3.8,5.4,,{연무}0615-0715. {연무}1105-{연무}{강도0}1200-1205. {연무}1955-{연무}{강도0}2100-{연무}{강도0}2400-,
108,서울,2024-05-01,18.5,13.9,535,24,1552,,,,,,,13.8,9.8,1200,3.43,26.05,26.4,10,19.8,19.6,18.8,18.4,17.7,15,14,12,14.6,5,7.2,,-{연무}-0025.,
108,서울,2024-05-02,18.1,12.4,546,23.7,1457,,,,,,,13.8,12.8,1200,3.48,28.72,26,7.8,19.8,19.6,18.9,18.5,17.8,15.1,14.2,12.1,14.6,6.1,8.7,,,
108,서울,2024-05-03,19.7,12.2,559,27.9,1618,,,,,,,13.8,12.8,1200,3.53,28.28,26.5,6,20,19.8,19,18.6,17.9,15.3,14.4,12.1,14.6,6.1,8.7,,,
108,서울,2024-05-04,21.4,14.6,602,28.5,1402,.17,0,,0,,0,13.9,12.5,1200,3.41,26.61,27.4,8.6,20.7,20.5,19.6,19.1,18.2,15.5,14.6,12.2,14.6,5.4,7.7,3.2,{연무}1110-{연무}{강도0}1200-1350. {연무}1410-{연무}{강도0}1500-1620. {비}2310-2320.,
108,서울,2024-05-05,17.8,15.7,2351,20.6,1,20.08,3.9,1426,8.1,1410,48.3,13.9,0,1100,.39,2.17,18.1,15.2,19.6,19.7,19.2,19.2,18.6,15.7,14.7,12.2,14.6,.6,.9,54.6,{비}0240-{비}{강도0}0300-0530. {박무}0350-{박무}{강도1}0600-{박무}{강도2}0900-{박무}{강도0}1200-{박무}{강도0}1500-1615. {비}0645-{비}{강도0}0900-{비}{강도1}1200-{비}{강도1}1500-{비}{강도0}1800-{비}{강도1}2100-{비}{강도0}2400- {박무}1755-{박무}{강도0}1800-{박무}{강도1}2100-{박무}{강도0}2400-,
108,서울,2024-05-06,13.9,13.4,1811,15.7,1,20.17,1.1,127,4.1,128,12.3,13.9,0,1200,.44,2.71,15,12.8,17.3,17.5,17.4,17.8,18.3,16,14.9,12.3,14.5,.6,.9,5.2,-{비}-{비}{강도1}0300-{비}{강도0}0600-{비}{강도0}0900-{비}{강도0}1200-1430. -{박무}-{박무}{강도0}0300-0430. {박무}0630-{박무}{강도1}0900-{박무}{강도0}1200-1455. {비}1510-1535. {비}1645-1655. {박무}1650-1710. {이슬비}1805-{이슬비}{강도0}2100-2310. {박무}1930-{박무}{강도0}2100-{박무}{강도0}2400-,
108,서울,2024-05-07,13.3,12.2,2357,15,1552,16.17,.3,525,1.2,516,2.4,14,0,1300,.68,4.75,13.9,11.2,16,16.1,16.2,16.7,17.6,16.1,15.3,12.4,14.5,1.9,2.7,0,{이슬비}0030-{이슬비}{강도0}0300-{비}0530-{비}{강도0}0600-{비}{강도0}0900-0930. -{박무}-{박무}{강도0}0300-{박무}{강도2}0600-{박무}{강도0}0900-0905. {비}1230-{비}{강도0}1500-1550. {비}1630-{비}{강도0}1800-2020.,
108,서울,2024-05-08,14.7,9,554,21.4,1609,,,,,,,14,11,1100,3.54,27.21,18.2,6.2,16.5,16.2,15.8,16,17,16.1,15.3,12.4,14.5,4.7,6.8,,,
108,서울,2024-05-09,16.1,10.9,517,21.8,1557,,,,,,,14,12.8,1200,3.41,27.17,20,6.1,17.7,17.4,16.7,16.7,17.1,16,15.4,12.5,14.5,5.2,7.4,,,
108,서울,2024-05-10,17.9,12.5,534,23.8,1441,,,,,,,14.1,12.5,1200,3.46,28.02,23.1,9,18.8,18.5,17.8,17.4,17.4,15.9,15.5,12.6,14.5,6,8.5,,{박무}0255-{박무}{강도0}0300-0305. {박무}0555-{박무}{강도0}0600-0705.,
108,서울,2024-05-11,17,14,2259,22,1227,9,1.8,1703,7.7,1653,31.7,14.1,.1,1000,1.32,5.72,16.4,12,17.9,18,17.7,17.8,17.8,16,15.5,12.6,14.5,1.8,2.6,31.7,{비}1330-{비}{강도0}1500-{비}{강도1}1800-{비}{강도1}2100-2230. {박무}1430-{박무}{강도0}1500-{박무}{강도0}1800-{박무}{강도0}2100-2220. {박무}2345-{박무}{강도0}2400-,
108,서울,2024-05-12,16.6,11.9,556,21.6,1518,,,,,,,14.1,11.4,1200,3.68,28.91,19.9,9.4,18.4,18.1,17.3,17.2,17.6,16.1,15.6,12.7,14.5,5.2,7.4,,-{박무}-{박무}{강도1}0300-{박무}{강도0}0600-0750. {황사}0950-{황사}{강도0}1200-{황사}{강도0}1500-1740.,
108,서울,2024-05-13,18.3,11.9,603,24.5,1444,,,,,,,14.1,13.1,1200,3.72,30.09,21.5,7,19.1,18.8,18,17.7,17.9,16.2,15.7,12.8,14.5,6.2,8.9,,,
108,서울,2024-05-14,18.8,12.7,559,24.7,1419,,,,,,,14.2,13,1200,3.7,30.02,22.7,7.8,19.8,19.6,18.7,18.3,18.2,16.3,15.8,12.8,14.5,6.7,9.6,,,
108,서울,2024-05-15,12.6,7.2,2129,18.8,1002,10.5,.9,1916,3.9,1525,20.6,14.2,3.1,900,2.26,8.35,14.9,6.5,17.6,17.9,17.8,18.2,18.5,16.4,15.9,12.9,14.5,1.6,2.3,20.7,{비}1330-{비}{강도1}1500-{비}{강도0}1800-{비}{강도0}2100-{비}{강도0}2400- {박무}1330-{박무}{강도0}1500-1715.,
108,서울,2024-05-16,13.7,6.9,600,19.8,1613,1.75,.1,,.3,-2331,.1,14.2,13.1,1200,3.81,31.35,18.6,5.9,16.7,16.5,16,16.3,17.5,16.5,16,13,14.6,5.3,7.6,,-{비}-0145.,
108,서울,2024-05-17,18.3,10.8,535,24.9,1435,,,,,,,14.3,10.8,1200,3.31,24.4,19.5,7.2,18.5,18.3,17.2,17.1,17.5,16.5,16,13.1,14.6,4.6,6.5,,{박무}0310-{박무}{강도0}0600-0830.,
108,서울,2024-05-18,20.7,16,551,26.5,1459,,,,,,,14.3,11.3,1300,3.43,26.88,23,12.4,20.4,20.1,18.8,18.2,18,16.5,16.1,13.1,14.6,5,7.2,,,
108,서울,2024-05-19,21.5,15.9,534,27.9,1513,,,,,,,14.3,12.6,1200,3.58,28.99,24.9,12.1,21.7,21.4,20.1,19.4,18.8,16.6,16.1,13.2,14.6,5.6,8,,,
108,서울,2024-05-20,19.4,16.8,2347,22.8,1251,,,,,,,14.3,.5,1000,1.63,11.45,20.7,13.6,21.1,21.1,20.3,19.9,19.4,16.8,16.2,13.3,14.6,2.4,3.5,,{박무}2040-{박무}{강도0}2100-{박무}{강도0}2400-,
108,서울,2024-05-21,21.7,16.3,553,28.3,1654,,,,,,,14.4,9.4,1200,3.55,26.37,26.1,13.5,22.1,21.8,20.4,19.8,19.4,17,16.3,13.3,14.6,4.9,7,,-{박무}-{박무}{강도1}0300-{박무}{강도1}0600-0755. {연무}1720-{연무}{강도0}1800-{연무}{강도0}2100-{연무}{강도0}2400-,
108,서울,2024-05-22,20.5,16.4,533,25.5,1453,,,,,,,14.4,10,1200,3.56,27.4,25.4,14.7,22.8,22.7,21.4,20.8,20,17.2,16.4,13.4,14.6,5.1,7.4,,{박무}0045-{박무}{강도1}0300-{박무}{강도1}0600-{박무}{강도0}0900-1105. -{연무}-0050. {연무}1055-{연무}{강도0}1200-1325.,
108,서울,2024-05-23,20.2,15.8,607,26.4,1554,,,,,,,14.4,12.7,1200,3.6,30.1,27.5,13.7,23,22.9,21.6,21,20.4,17.5,16.6,13.4,14.6,5.1,7.3,,{박무}0350-{박무}{강도0}0600-0825. {박무}2235-{박무}{강도0}2400-,
108,서울,2024-05-24,20.1,15.7,145,24.7,1726,,,,,,,14.4,4.7,1100,3.2,20.51,25.3,14.1,22.7,22.7,21.7,21.2,20.8,17.7,16.7,13.5,14.6,3.7,5.3,,-{박무}-{박무}{강도0}0300-{박무}{강도0}0600-{박무}{강도0}0900-1055. {연무}1050-1155. {연무}1305-{연무}{강도0}1500-1510.,
108,서울,2024-05-25,21.4,18.7,125,24.7,1248,,,,,,,14.5,2.3,1200,2.71,17.34,25.1,14.9,22.8,22.8,21.8,21.3,20.9,18,16.9,13.6,14.6,4,5.7,,{연무}1935-{연무}{강도0}2100-2325.,
108,서울,2024-05-26,19.9,17,2342,23.7,1110,8.33,1.1,1720,3,1656,8.7,14.5,3.1,900,1.94,10.2,22.9,15.4,21.8,22,21.3,21.2,21.1,18.2,17,13.6,14.7,2.2,3.2,8.7,{비}1210-1230. {비}1330-{비}{강도0}1500-{비}{강도0}1800-1815. {박무}1350-{박무}{강도1}1500-{박무}{강도0}1800-1805. {비}1855-{비}{강도0}2100-2210. {박무}1925-{박무}{강도1}2100-{박무}{강도1}2400-,
108,서울,2024-05-27,18.5,14.1,603,22.6,1504,,,,,,,14.5,9.9,1200,3.32,26.89,22,12.4,21.1,21,20.5,20.5,20.6,18.3,17.2,13.7,14.7,5,7.1,,-{박무}-{박무}{강도0}0300-0530.,
108,서울,2024-05-28,20.4,14.3,534,26.1,1704,,,,,,,14.5,11.1,1100,3.5,27.55,23.1,9.8,21.4,21.3,20.6,20.4,20.6,18.4,17.4,13.7,14.7,5.7,8.1,,,
108,서울,2024-05-29,21.2,15.4,547,26.8,1502,,,,,,,14.5,13.2,1200,3.49,29.38,27.2,10.1,22.3,22.2,21.1,20.7,20.7,18.5,17.5,13.8,14.7,6,8.6,,,
108,서울,2024-05-30,20.7,16.2,546,24.6,1544,,,,,,,14.6,.6,1000,1.98,12.97,23.5,11.4,21.3,21.7,21,20.9,20.9,18.6,17.6,13.9,14.7,3.3,4.7,,,
108,서울,2024-05-31,20.4,16.9,603,25.4,1507,1.75,1,1828,1,,1,14.6,11.8,1200,3.78,30.31,28.7,11.6,22.3,22.4,21.2,20.8,20.8,18.7,17.7,13.9,14.7,5.5,7.9,1,{소나기}1825-1840. {이슬비}2220-2350.,
108,서울,2024-06-01,20.7,17.5,529,25.2,1520,.67,0,,0,,0,14.6,9.4,1100,3.4,27.02,27.4,15.2,22.9,23,21.9,21.5,21.2,18.8,17.8,14,14.7,5.9,8.4,,{이슬비}0035-0050. {박무}0225-{박무}{강도0}0300-0305. {비}0450-0515.,
108,서울,2024-06-02,20.4,15.7,551,25.8,1551,,,,,,,14.6,12.4,1200,3.72,28.7,25.6,11.2,22.9,22.9,21.9,21.6,21.4,18.9,17.9,14.1,14.7,5.9,8.5,,,
108,서울,2024-06-03,22.2,15.7,520,28.7,1603,,,,,,,14.6,11.2,1200,3.76,29.95,31,11.4,23.5,23.4,22.2,21.7,21.5,19.1,18,14.1,14.7,7.2,10.2,,,
108,서울,2024-06-04,22.8,16.3,527,29.3,1607,,,,,,,14.6,13.5,1200,3.67,31.17,31.3,10.5,24.2,24,22.8,22.2,21.9,19.2,18.1,14.2,14.8,7.1,10.1,,,
108,서울,2024-06-05,23.6,18.1,517,30.1,1403,,,,,,,14.7,10.4,1200,3.21,25.14,30.1,12.5,24.6,24.4,23.3,22.7,22.2,19.4,18.3,14.3,14.8,5.1,7.3,,,
108,서울,2024-06-06,24.1,19.3,602,31.4,1611,,,,,,,14.7,9.3,1200,3.35,24.47,32.2,15.6,25.1,24.8,23.7,23.1,22.5,19.6,18.4,14.3,14.8,5.4,7.7,,{연무}0930-1010.,
108,서울,2024-06-07,23.1,18.3,544,28,1538,4.17,.6,2341,.8,2259,.8,14.7,7.1,1100,2.32,20.41,29.7,13.6,24.4,24.4,23.4,23,22.8,19.8,18.5,14.4,14.8,4,5.7,4.6,{비}1950-{비}{강도0}2100-{비}{강도0}2400-,
108,서울,2024-06-08,20.3,17.9,448,25,1730,11.5,3.5,926,12.4,903,16.9,14.7,2.5,1500,1.46,9.7,21.1,15.9,22.6,23,22.6,22.6,22.8,20,18.7,14.5,14.8,2.2,3.2,13.1,{박무}0250-{박무}{강도0}0300-{박무}{강도0}0600-{박무}{강도1}0900-{박무}{강도0}1200-1355. -{비}-{비}{강도0}0300-{비}{강도0}0600-{비}{강도0}0900-1130.,
108,서울,2024-06-09,22.9,17.4,555,28.8,1456,,,,,,,14.7,12.3,1100,3.19,28.38,27.2,13.7,23.4,23.5,22.5,22.2,22.3,20.1,18.8,14.6,14.8,5.3,7.6,,{박무}0010-{박무}{강도0}0300-{박무}{강도0}0600-0730.,
108,서울,2024-06-10,24.7,19,531,31.1,1509,,,,,,,14.7,11.9,1200,3.28,26.57,30.1,15.4,24.8,24.9,23.6,23,22.7,20.2,19,14.6,14.9,5.4,7.7,,{박무}0045-0205. {박무}0325-{박무}{강도0}0600-0745. {연무}2010-{연무}{강도0}2100-2245. {박무}2240-{박무}{강도0}2400-,
108,서울,2024-06-11,25.4,21.7,2359,31.6,1542,,,,,,,14.7,10.2,1200,3.45,27.17,33.4,16.4,26.2,26.4,24.9,24,23.3,20.3,19.1,14.7,14.9,6,8.5,,-{박무}-{박무}{강도0}0300-{박무}{강도0}0600-0855. {연무}0850-{연무}{강도0}0900-{연무}{강도0}1200-1450.,
108,서울,2024-06-12,24.8,19.2,517,31.8,1423,,,,,,,14.7,11.3,1300,3.44,27.73,32.1,13.6,25.6,26.2,24.9,24.3,23.8,20.5,19.2,14.8,14.9,5.9,8.4,,,
108,서울,2024-06-13,26.4,20,504,32.8,1544,,,,,,,14.7,13.3,1200,3.55,29.8,34.2,15.7,25.9,26.7,25.3,24.6,24.1,20.8,19.4,14.8,14.9,7,10,,,
108,서울,2024-06-14,26.3,21.4,532,33,1425,,,,,,,14.8,9.1,1100,3.42,24.24,33.5,16,25.9,26.8,25.7,25.1,24.4,21.1,19.5,14.9,14.9,5.4,7.8,5.7,,
108,서울,2024-06-15,24.2,21.8,445,28.2,1629,6,3,349,5.1,328,6.1,14.8,3.4,1400,2.55,15.71,26.4,19.3,25.1,25.9,25.1,24.8,24.6,21.2,19.7,15,15,3.6,5.2,.4,{비}0135-{비}{강도0}0300-{비}{강도0}0600-0640. {박무}0350-{박무}{강도0}0600-0845. {박무}0920-1035. {비}1145-{비}{강도0}1200-1240.,
108,서울,2024-06-16,24.3,19.9,535,29.5,1448,,,,,,,14.8,13.2,1200,3.71,30.02,29.3,17.6,24.9,25.7,24.7,24.3,24.4,21.4,19.8,15.1,15,6.5,9.2,,{박무}0040-{박무}{강도0}0300-0435.,
108,서울,2024-06-17,24.8,18.9,527,30.2,1448,,,,,,,14.8,13.1,1200,3.44,28.17,30.1,12.7,24.9,25.8,24.8,24.5,24.4,21.6,20.1,15.1,15,6.7,9.6,,,
108,서울,2024-06-18,26,20.4,544,32.9,1509,,,,,,,14.8,13.4,1200,3.49,29.22,33.9,15.7,26.3,26.7,25.3,24.7,24.4,21.6,20.1,15.2,15,6.3,9.1,,,
108,서울,2024-06-19,28.8,21.4,509,35.8,1623,,,,,,,14.8,13,1200,3.43,28.25,35.8,16.3,27.4,27.7,26,25.2,24.8,21.8,20.3,15.3,15.1,6.7,9.5,,,
108,서울,2024-06-20,29.4,23.4,518,35.4,1348,,,,,,,14.8,12.1,1100,3.26,25.99,34.6,18,28.3,28.4,26.8,26,25.3,21.9,20.4,15.4,15.1,,,,,
108,서울,2024-06-21,28.1,22.9,513,33.9,1304,,,,,,,14.8,10.3,1100,3.34,24.75,34.6,17.6,28.1,28.2,27.1,26.3,25.6,22.2,20.5,15.4,15.1,,,,,
108,서울,2024-06-22,24.2,22.6,1248,26.1,833,13.67,1.1,1038,4.7,1014,16.5,14.8,0,1400,.68,3.59,24.8,21.9,25.2,26.2,25.7,25.7,25.8,22.4,20.7,15.5,15.1,1,1.5,18.6,{비}0405-0440. {비}0730-{비}{강도0}0900-{비}{강도1}1200-{비}{강도0}1500-1655. {박무}1005-{박무}{강도1}1200-{박무}{강도0}1500-1655. {비}1855-2020. {박무}1915-2010. {비}2145-{비}{강도0}2400- {박무}2310-{박무}{강도1}2400-,
108,서울,2024-06-23,25.1,22.5,333,30.1,1402,8.42,3,2139,3,2049,5.1,14.8,3.8,1300,3,18.84,27,21.4,25.5,26.2,25,24.7,25.1,22.5,21,15.6,15.2,3.8,5.4,3,-{비}-{비}{강도0}0300-0550. -{박무}-{박무}{강도1}0300-0530. {비}2120-2355.,
108,서울,2024-06-24,24.3,21.2,2353,27.9,1308,.33,0,,0,,0,14.8,7,1500,2.47,19.62,25.9,17.5,25.6,26.2,25.4,25.1,25.3,22.6,21,15.7,15.2,4.7,6.8,,{비}0115-0135. {박무}0230-{박무}{강도0}0300-{박무}{강도0}0600-0610. {채운}1840-1910.,
108,서울,2024-06-25,22.9,19.1,559,27.2,1431,,,,,,,14.8,10.7,1200,3.39,25.24,28.5,15.5,24.2,25.2,24.4,24.4,25.1,22.6,21.1,15.7,15.2,5.2,7.4,,,
108,서울,2024-06-26,24.9,18.9,608,31.6,1640,,,,,,,14.8,12.3,1100,3.32,27.64,31.9,13.8,24.8,25.9,24.8,24.5,24.9,22.7,21.2,15.8,15.3,6,8.5,,,
108,서울,2024-06-27,26.3,20.6,537,31.6,1300,,,,,,,14.8,9.3,1200,3.16,23.84,30.5,15.7,25.5,26.5,25.3,24.9,25.1,22.7,21.3,15.9,15.3,5.1,7.3,,,
108,서울,2024-06-28,26.6,21.3,536,32.5,1449,,,,,,,14.8,13.2,1200,3.61,28.84,33.5,15.4,26.6,27.1,25.8,25.2,25.2,22.7,21.4,16,15.3,,,,,
108,서울,2024-06-29,26.7,21.6,529,32.3,1408,5.42,6.1,2102,20.7,2035,38.3,14.7,6.9,1100,3.35,20.46,30,16.8,27.1,27.3,26,25.5,25.5,22.8,21.5,16.1,15.3,4.1,5.8,70.4,{햇무리}0945-1030. {비}1835-{비}{강도1}2100-{비}{강도1}2400- {박무}1910-{박무}{강도1}2100-2340.,
108,서울,2024-06-30,23.5,22,947,24.9,1640,7.08,9.6,18,15.9,6,32.2,14.7,0,1500,.52,3.89,23,20.9,23.8,25,24.4,24.7,25.6,22.9,21.5,16.1,15.4,1.4,2.1,.1,{박무}0005-{박무}{강도0}0300-0310. -{비}-{비}{강도1}0300-0345. {박무}0435-0520. {비}0440-0555. {비}0745-{비}{강도0}0900-0950. {박무}0850-{박무}{강도0}0900-0945.,
108,서울,2024-07-01,26.3,22,506,31.3,1537,,,,,,,14.7,8.3,1200,3.47,24.69,28.6,20.2,25.9,25.9,24.5,24.3,25,23.1,21.6,16.2,15.4,4.8,6.9,1,{박무}0010-{박무}{강도0}0300-0510.,
108,서울,2024-07-02,23.2,21.9,1214,25.2,1,17.25,5.6,1155,24,1127,65.1,14.7,0,1000,.32,1.93,22.7,21.3,24,24.5,23.9,24.2,25.5,23.1,21.8,16.3,15.4,.9,1.3,64.9,{비}0645-{비}{강도0}0900-{비}{강도2}1200-{비}{강도0}1500-{비}{강도0}1800-{비}{강도0}2100-{비}{강도0}2400- {박무}0910-{박무}{강도1}1200-{박무}{강도1}1500-1715.,
108,서울,2024-07-03,24.7,23.6,735,25.9,1152,3.67,.3,29,1.2,-2331,.8,14.7,.6,1000,1.71,8.91,24.7,22.3,23.8,24.2,23.4,23.6,24.8,23.6,22.6,16.7,15.5,,,,-{비}-0125. {비}0205-{비}{강도0}0300-0335. {비}0630-0655. {비}0725-0745. {박무}1905-{박무}{강도0}2100-{박무}{강도1}2400-,
108,서울,2024-07-04,26.8,23.2,620,30.6,1459,3.13,3,2209,3.6,2155,3.6,14.7,3.4,1100,2.98,18.81,28.3,22.2,25.8,25.5,23.7,23.4,24.7,23.4,22.6,17.1,15.5,3.9,5.5,7.7,-{박무}-{박무}{강도1}0300-{박무}{강도1}0600-{박무}{강도0}0900-1130. {비}0402-0415. {연무}1125-{연무}{강도0}1200-1330. {비}1650-1745. {비}1850-1910. {비}2005-2020. {비}2155-2255. {비}2335-{비}{강도0}2400-,
108,서울,2024-07-05,23.4,21.3,510,26.1,1655,6.92,2.6,9,3.3,-2344,4.1,14.7,1.4,1400,1.74,11.25,24.5,20.6,24.6,25.2,23.2,23,25.2,23.3,22.5,17.1,15.5,2.3,3.2,2.5,-{비}-{비}{강도0}0300-{이슬비}0350-{비}0505-{이슬비}0545-{이슬비}{강도0}0600-0655. {박무}0455-{박무}{강도0}0600-0745.,
108,서울,2024-07-06,25.1,22.1,542,30,1420,5.92,1.2,539,2,449,2.8,14.7,.1,1300,1.34,6.84,24.7,20.4,24.3,24.9,23,23,25,23.2,22.4,17.1,15.6,2,2.9,.3,{비}0310-{비}{강도0}0600-0610. {박무}0415-{박무}{강도0}0600-{박무}{강도0}0900-1010. {비}0640-0655. {비}1720-1755. {비}1950-{비}{강도0}2100-2155. {박무}2030-{박무}{강도0}2100-2110.,
108,서울,2024-07-07,24.4,21.5,514,28.2,1327,5.17,9.4,1856,26.8,1813,28.7,14.6,.6,1300,1.88,11.09,25.7,19.3,25,25,24.2,24.2,25,23.3,22.4,17,15.6,2,2.9,38.2,{비}1725-{비}{강도0}1800-{비}{강도0}2100-2235. {박무}1820-1920. {박무}2010-{박무}{강도1}2100-{박무}{강도0}2400-,
108,서울,2024-07-08,23.8,23.1,2032,24.5,1535,17.83,3.9,431,7.1,352,21.1,14.6,0,1500,.66,3.36,24.2,22.8,24.7,24.9,24.2,24.4,25,23.3,22.6,17.1,15.6,.9,1.3,11.6,{비}0005-{비}{강도0}0300-{비}{강도0}0600-0645. -{박무}-{박무}{강도2}0300-{박무}{강도1}0600-0810. {비}0840-{비}{강도0}0900-{비}{강도0}1200-{비}{강도0}1500-1650. {박무}1125-{박무}{강도0}1200-{박무}{강도1}1500-1515. {비}1750-{비}{강도0}1800-2020. {박무}1815-1955. {비}2210-2240.,
108,서울,2024-07-09,24.5,22.7,513,26.7,1317,6.17,.1,,.2,,.3,14.6,.1,900,1.15,7.77,25.1,21.4,24.9,25,24.2,24.2,24.9,23.5,22.9,18.1,15.7,1.9,2.8,1.7,{박무}0110-{박무}{강도0}0300-{박무}{강도0}0600-0710. {비}1155-{비}{강도0}1200-1250. {비}1415-{비}{강도0}1500-1525. {비}1610-1710. {비}2055-{비}{강도0}2100-{비}{강도0}2400-,
108,서울,2024-07-10,26.6,22.7,517,31.1,1326,3.92,.7,23,1.4,-2349,1.4,14.6,7.1,1100,3.45,20.04,27.2,21.2,26.2,26,24.9,24.6,25,23.4,22.9,18.2,15.7,3.8,5.4,0,-{비}-0115. {비}0205-{비}{강도0}0300-0420. {소나기}1445-{소나기}{강도0}1500-1510.,
108,서울,2024-07-11,25.7,23.3,2354,28.9,1531,,,,,,,14.6,5.9,1100,2.76,21.74,27.7,20.7,26.8,26.7,25.7,25.4,25.4,23.4,22.8,18,15.8,3.9,5.6,,{박무}0405-{박무}{강도0}0600-{박무}{강도0}0900-{박무}{강도0}1200-1455. {연무}1450-{연무}{강도0}1500-{연무}{강도0}1800-1915. {박무}2355-{박무}{강도0}2400-,
108,서울,2024-07-12,25.6,21.8,550,30.2,1619,,,,,,,14.6,3.7,1500,2.16,13.33,26.4,19.3,26.3,26.3,25.5,25.4,25.7,23.5,22.8,17.9,15.8,2.8,4,,-{박무}-{박무}{강도0}0300-{박무}{강도0}0600-{박무}{강도0}0900-{박무}{강도0}1200-1420. {연무}1415-{연무}{강도0}1500-{연무}{강도0}1800-2055. {박무}2050-{박무}{강도0}2100-{박무}{강도0}2400-,
108,서울,2024-07-13,28.1,23.5,550,33.3,1544,.5,0,,0,,0,14.5,9.9,1300,3.18,23.54,30.6,20.6,27.2,27.2,26.1,25.7,25.7,23.6,22.7,17.8,15.9,5.1,7.2,0,-{박무}-{박무}{강도0}0300-{박무}{강도0}0600-{박무}{강도0}0900-1105. {연무}1825-{연무}{강도0}2100-2145. {소나기}2240-2305. {박무}2305-{박무}{강도0}2400- {비}2355-{비}{강도0}2400-,
108,서울,2024-07-14,28.4,24.9,654,32.1,1654,.47,.4,1940,.4,,.4,14.5,7.6,1100,3.19,22.34,29.7,22.6,27.8,27.9,26.8,26.4,26.2,23.6,22.8,17.7,15.9,5.2,7.5,.4,-{비}-0010. -{박무}-0245. {소나기}1940-1958.,
108,서울,2024-07-15,28.4,24.5,524,31.3,1633,.17,0,,0,,0,14.5,6.3,1000,2.76,18.13,30.2,21.2,27.5,27.7,26.9,26.6,26.4,23.8,22.8,17.7,15.9,4.1,5.8,0,{소나기}2325-2335.,
108,서울,2024-07-16,27,24.6,2346,30.7,1227,9.93,5.3,1926,7.3,1904,17,14.5,4.2,900,2.4,12.32,28.9,22.8,27.3,27.6,26.8,26.6,26.5,23.9,22.8,17.7,16,2.2,3.1,62.3,{비}1310-{비}{강도0}1500-{비}{강도0}1800-1810. {비}1904-{비}{강도0}2100-{비}{강도0}2400-,
108,서울,2024-07-17,25.4,24.1,355,28.1,1345,18.58,16.5,905,63.3,825,98.8,14.5,.1,1300,1.59,3.48,25.1,23.7,25.5,25.9,25.4,25.7,26.4,24,22.9,17.8,16,1.1,1.5,109.2,-{비}-{비}{강도1}0300-0555. {비}0650-{시정(미만)}{1km}{비}0848-{비}{강도2}0900-{시정(이상)}{1km}{비}0924-1010. {비}1135-1155. {비}1220-{비}{강도0}1500-{비}{강도1}1800-1910. {비}2150-{비}{강도1}2400-,
108,서울,2024-07-18,24.3,23.1,813,25.6,1,17.92,9.3,352,20.2,1410,128.8,14.5,0,1500,.42,2.47,24.1,22.8,23.5,24.7,24.3,24.7,26.1,24.9,24.3,19.7,16.1,.9,1.2,73.2,-{비}-{비}{강도0}0300-{비}{강도1}0600-{비}{강도0}0900-{비}{강도1}1200-{비}{강도2}1500-1635. {박무}0530-{박무}{강도2}0600-{박무}{강도0}0900-{박무}{강도0}1200-{박무}{강도2}1500-1545. {비}2045-2055. {박무}2050-{박무}{강도0}2100-{박무}{강도0}2400- {이슬비}2250-{이슬비}{강도0}2400-,
108,서울,2024-07-19,27,24.2,440,30.8,1454,3.83,.1,,.1,,.1,14.4,6.4,1300,3.18,21.69,29.8,23.2,25.4,26.2,25.1,24.8,25.4,25,25.1,22.1,16.7,4.2,6,0,{이슬비}{강도0}0300-0350. -{박무}-{박무}{강도1}0300-{박무}{강도0}0600-0745.,
108,서울,2024-07-20,27.2,25.1,443,30.6,1547,4.42,10.7,1850,13.8,1829,14.9,14.4,1.9,1500,2.49,13.42,28.6,23.4,24.8,27,26.2,25.9,26.2,24.8,24.8,20.8,17.2,2.9,4.1,22.3,{비}0850-{비}{강도0}0900-1040. {비}1825-1955. {비}2010-2045. {비}2125-2155.,
108,서울,2024-07-21,26.5,22.5,451,29.8,1808,8.47,2.3,447,4.2,358,8.5,14.4,1.5,1100,2.18,11.48,26.2,22,23.3,26.6,26,26,26.5,24.7,24.5,20.1,17.2,2.4,3.4,12.5,{비}0002-{비}{강도0}0300-0555. {비}0730-{비}{강도0}0900-0945. {비}1930-1950.,
108,서울,2024-07-22,26.6,24.3,1104,27.9,1,10.33,24.2,2328,32.2,2253,79.9,14.4,0,1200,1.25,4.09,25.5,23.3,24.8,26.7,26.1,26.1,26.6,24.8,24.5,19.9,17.1,1.3,1.8,68.6,{비}0325-0345. {비}0410-0555. {비}0610-0635. {비}0820-0855. {비}0950-1130. {비}1320-{비}{강도2}1500-1655. {비}2005-2045. {비}2240-{비}{강도2}2400-,
108,서울,2024-07-23,26.4,25.8,454,27.3,1517,6.33,.8,1038,1,1039,2,14.3,0,1400,.99,4.92,26.3,24.8,25.9,26.3,25.7,25.7,26.6,25.2,25,21.6,17,1.3,1.8,16,-{비}-0030. {비}0440-{비}{강도0}0600-0605. {비}1010-{비}{강도0}1200-1435.,
108,서울,2024-07-24,28.1,26,546,30.9,1355,6.25,10.2,514,12.4,447,14.7,14.3,3,1300,2.57,15.31,29,25.4,27,27.2,26.2,26,26.5,25.2,25,21.5,17.2,3.2,4.5,.6,{비}0050-0255. {비}0335-0355. {비}0440-0550. {비}0755-0840. {비}0920-1115.,
108,서울,2024-07-25,28.8,25.4,2356,32.2,1551,2.67,9.8,2117,15.1,2110,25.3,14.3,2.4,1000,2.24,14.15,29.4,24.3,28,28.1,27.1,26.7,27,25.2,24.9,21,17.3,3.1,4.4,26,{소나기}0102-0107. {소나기}0635-0650. {소나기}1150-{소나기}{강도0}1200-1250. {소나기}2110-2150. {소나기}2220-2230. {소나기}2330-{소나기}{강도1}2400-,
108,서울,2024-07-26,28.7,25.2,137,32.7,1537,3,2.8,1334,5,-2331,5.5,14.3,6.7,1000,2.83,18.29,31.5,24.4,28.1,28.3,27.4,27.1,27.4,25.3,24.9,20.7,17.3,3.5,5,4.8,-{소나기}-0045. {소나기}1330-1355. {소나기}1605-1640. {비}2245-{비}{강도0}2400-,
108,서울,2024-07-27,28.9,27.5,546,31.7,1244,4.92,10.9,1656,15.1,1655,33.5,14.2,1.7,1400,2.7,12.73,31.2,26.7,28.6,28.8,28,27.7,27.8,25.5,25,20.9,17.3,2.7,3.8,33.5,-{비}-0115. {소나기}1340-1415. {소나기}1535-{소나기}{강도1}1800-1840.,
108,서울,2024-07-28,29.2,27.3,445,32.2,1427,.33,0,,0,,0,14.2,5.1,1400,2.37,18.33,30.9,26,28.9,29.1,28.2,27.9,28.2,25.8,25.3,21.4,17.3,4.1,5.9,0,{소나기}1530-1550.,
108,서울,2024-07-29,27.4,26.8,2356,27.8,1,5.5,0,,0,,0,14.2,0,1200,.3,2.61,26.6,26,27.7,28,27.6,27.7,28.3,26,25.3,21.2,17.3,1.3,1.8,0,{비}0555-{비}{강도0}0600-0645. {비}0735-{비}{강도0}0900-1145. {비}1350-1420.,
108,서울,2024-07-30,28.6,26.3,459,31.9,1441,,,,,,,14.1,3.6,1400,2.48,15.95,29.6,25.6,27.9,28.1,27.3,27.1,27.8,26,25.3,20.8,17.3,3.6,5.1,,,
108,서울,2024-07-31,29.4,27,321,33.3,1540,,,,,,,14.1,4.7,1300,2.51,17.42,30.3,25.7,28.7,28.9,28,27.7,28,26,25.2,20.6,17.4,3.9,5.6,.3,,
108,서울,2024-08-01,29.9,27.3,442,33.2,1520,1.42,.3,405,.3,320,.3,14.1,3.6,1400,2.17,14.95,30.6,25.8,29,29.1,28.3,28,28.2,26,25.2,20.4,17.4,3.4,4.8,,{비}0320-0420. {비}0655-0720.,
108,서울,2024-08-02,29.6,28.2,549,32.5,1608,,,,,,,14,2.4,1500,1.63,10.36,30,26.4,28.9,29.1,28.4,28.1,28.3,26.1,25.2,20.3,17.4,2.5,3.6,,{박무}2150-{박무}{강도0}2400-,
108,서울,2024-08-03,30.2,27.2,425,34.2,1528,,,,,,,14,7.8,1200,3.06,21.64,32.4,25,29.5,29.7,28.8,28.3,28.3,26.1,25.2,20.3,17.4,4.7,6.7,,-{박무}-{박무}{강도0}0300-{박무}{강도0}0600-{박무}{강도0}0900-1105.,
108,서울,2024-08-04,31.8,27.3,542,36.2,1448,,,,,,,14,10.9,1100,3.43,24.4,36.1,24,29.8,30.4,29.5,28.8,28.6,26.2,25.2,20.2,17.4,5.1,7.3,.5,,
108,서울,2024-08-05,30,26.9,2358,33.7,1522,3.53,.5,350,.8,2255,1.3,13.9,3.4,1000,1.83,12.92,32.6,25.2,29,30.3,29.6,29.2,29,26.3,25.3,20.2,17.4,2.8,4.1,.8,{소나기}0350-0357. {소나기}0455-0540. {소나기}1145-{소나기}{강도0}1200-1220. {소나기}1610-1710. {소나기}2255-{소나기}{강도0}2400-,
108,서울,2024-08-06,29.5,25.6,539,33.5,1546,.75,0,,0,,0,13.9,6.2,1100,3.13,18.84,33,24,27.8,29.9,29.2,28.9,28.9,26.4,25.3,20.2,17.5,4,5.7,,-{소나기}-0015. {소나기}0650-0710. {소나기}0845-0855.,
108,서울,2024-08-07,29.6,27.2,536,33.4,1602,1.33,3.2,1014,3.4,950,3.4,13.9,7.6,1200,3.38,20.7,31.8,24.4,27.7,30,29.3,29,29,26.5,25.4,20.2,17.5,4,5.8,3.4,{비}0950-1110.,
108,서울,2024-08-08,28.5,26.9,2353,31.6,1708,1.83,0,,0,,0,13.9,2.4,1600,1.61,10.94,28.6,23.6,25.1,29.4,28.8,28.8,29,26.6,25.5,20.2,17.5,2.7,3.9,0,{비}0605-0650. {비}1240-1345.,
108,서울,2024-08-09,29.3,25.6,442,33.6,1420,,,,,,,13.8,6,1300,2.69,15.55,31.3,22.7,25.6,29.1,28.4,28.4,28.8,26.7,25.5,20.3,17.6,3.1,4.5,,,
108,서울,2024-08-10,30,26.4,530,33.6,1335,,,,,,,13.8,4.3,1100,2.22,15.76,32,23.6,27.6,29.3,28.6,28.4,28.7,26.7,25.6,20.3,17.6,3.6,5.2,,,
108,서울,2024-08-11,30.8,27.8,558,34.4,1521,,,,,,,13.8,4.4,1000,2.83,17.14,33.6,24.2,29,29.7,29,28.6,28.7,26.7,25.7,20.3,17.6,,,,,
108,서울,2024-08-12,31.1,28.2,608,34.1,1512,,,,,,,13.7,4.1,1000,2.22,13.51,33.6,25.3,28.2,29.9,29,28.7,28.9,26.7,25.7,20.3,17.7,3.3,4.8,,,
108,서울,2024-08-13,31.3,28.1,520,36.4,1501,2.08,0,,0,,0,13.7,7.5,1200,2.98,20.81,37.2,24.8,28.7,30.4,29.3,28.8,28.9,26.8,25.8,20.4,17.7,4.6,6.6,0,{소나기}1645-{소나기}{강도0}1800-1850.,
108,서울,2024-08-14,30,27.3,2002,34.9,1438,1.75,2.7,1645,3,1645,3,13.7,4.7,1000,2.23,12.59,33.7,24.8,28.3,30,29.4,29.2,29.2,26.8,25.8,20.4,17.8,3,4.2,3.3,{소나기}1645-{소나기}{강도0}1800-1830.,
108,서울,2024-08-15,29.2,26.7,546,34.6,1541,3.25,4.9,1631,6.1,1620,6.4,13.6,4.1,1300,2.78,15.98,31.7,24.8,26.2,29.3,28.3,28.2,29,26.9,25.9,20.5,17.8,3.6,5.1,6.1,{소나기}0005-0230. {소나기}1620-1710.,
108,서울,2024-08-16,29.8,26.8,418,34.3,1340,.25,0,,0,,0,13.6,6.7,1300,3.03,17.24,29.2,24.3,25.9,29.2,27.9,27.7,28.9,27,25.9,20.5,17.8,4,5.7,0,{소나기}1535-1550.,
108,서울,2024-08-17,29.8,27.2,559,34,1514,1.5,7.4,1806,11,1750,11,13.5,5.3,1000,2.53,14.73,31.4,24.4,26.5,29,27.3,27,28.9,27,26,20.5,17.9,3.2,4.6,11,{소나기}1340-1410. {소나기}1750-{소나기}{강도0}1800-1850.,
108,서울,2024-08-18,29.5,27,525,33.9,1253,1.08,0,,0,,0,13.5,6.4,1200,2.94,17.64,29.5,25.3,27.5,29.3,27.9,27.5,28.8,27,26,20.6,17.9,3.7,5.4,0,{비}0310-0320. {소나기}1435-{소나기}{강도0}1500-1530.,
108,서울,2024-08-19,29.7,26.3,607,35.3,1355,.92,2.2,1813,2.3,1755,2.3,13.5,7.1,1200,3.54,20.08,31.7,24.4,28,29.6,28,27.5,29,27,26.1,20.6,17.9,4.4,6.3,2.3,{소나기}1755-{소나기}{강도0}1800-1850.,
108,서울,2024-08-20,31.4,27,331,35.4,1519,.25,0,,0,,0,13.4,7.7,1100,2.6,19.09,32.6,24.8,27.3,29.6,28.1,27.7,29.1,27,26.1,20.7,18,4.1,5.8,40,{비}2055-{비}{강도0}2100-2110.,
108,서울,2024-08-21,28.4,26.9,653,30.8,1,12.75,6.3,550,14.7,733,42.2,13.4,0,1500,.86,4.68,27.6,26.3,24.8,28.6,26.8,26.7,29.2,27.1,26.1,20.7,18,1.9,2.7,2.2,{비}0040-0045. {비}0130-{비}{강도1}0300-{비}{강도1}0600-{비}{강도1}0900-{비}{강도0}1200-1410.,
108,서울,2024-08-22,28.6,27.1,2211,30.3,1251,4.42,.5,1554,.5,1550,.6,13.4,1.8,800,.99,7.27,27.8,25.4,27,28.3,26.5,26.4,28.8,27.1,26.2,20.8,18,2.1,3,.6,{비}1035-1050. {비}1220-1235. {비}1320-{비}{강도0}1500-1515. {비}1550-1615. {비}1810-1855. {비}2005-2055.,
108,서울,2024-08-23,28.4,26.4,550,31.8,1418,.5,0,,0,,0,13.3,5.6,1000,2.34,17.48,28.6,24,27.8,28.5,26.6,26.5,28.6,27.1,26.2,20.8,18.1,3.8,5.4,,{비}0640-0710. {박무}2240-{박무}{강도0}2400-,
108,서울,2024-08-24,27.6,25.1,612,30.9,1628,3.42,.8,1153,1.5,1135,2,13.3,2.4,1000,1.78,12.04,28.6,22.9,26.8,27.9,26.2,26,28.6,27.1,26.2,20.9,18.1,2.5,3.5,2,-{박무}-{박무}{강도0}0300-{박무}{강도0}0600-{박무}{강도0}0900-1030. {소나기}1135-{소나기}{강도0}1200-1425. {박무}1340-{박무}{강도0}1500-1610. {소나기}1745-{소나기}{강도0}1800-1820.,
108,서울,2024-08-25,28.5,24.9,612,32.7,1558,,,,,,,13.2,5.1,1200,2.11,15.82,29.1,23.1,26.5,28.2,26.2,25.9,28.5,27,26.2,20.9,18.2,3.2,4.5,,{박무}0315-{박무}{강도1}0600-{박무}{강도0}0900-1155. {연무}1730-{연무}{강도0}1800-1855.,
108,서울,2024-08-26,28.1,25.6,554,30.6,1509,.25,0,,0,,0,13.2,.3,1000,1.61,8.21,28,23.4,25.3,27.9,26.2,26,28.5,27,26.2,20.9,18.2,1.9,2.7,0,{박무}0150-{박무}{강도0}0300-{박무}{강도0}0600-{박무}{강도0}0900-1150. {연무}1255-1315. {소나기}1630-1645.,
108,서울,2024-08-27,26.5,24.6,953,30.3,1638,5.58,.2,,.3,827,.3,13.2,3.7,1600,1.81,10.04,25.7,21.2,24.6,27,25.5,25.5,28.3,27,26.3,21,18.2,3.2,4.5,.3,{비}0145-{비}{강도0}0300-0335. {비}0610-{비}{강도0}0900-0955.,
108,서울,2024-08-28,28.2,23,559,33.2,1623,,,,,,,13.1,11.5,1200,3.3,23.98,30.2,19.7,24.1,27.1,25.4,25.3,27.9,26.9,26.2,21,18.3,5.7,8.1,,,
108,서울,2024-08-29,28.4,23.4,624,33.5,1416,,,,,,,13.1,12,1200,3.33,24.86,32.8,19.7,26.4,27.8,26.9,26.9,27.9,26.8,26.2,21.1,18.3,6,8.6,,,
108,서울,2024-08-30,28,23.7,604,32.9,1415,,,,,,,13.1,12,1200,3.32,24.53,32.4,19.9,28.2,28.1,27.2,27.1,28,26.7,26.2,21.1,18.3,5.5,7.9,,,
108,서울,2024-08-31,27.6,22.6,639,33,1553,,,,,,,13,12,1300,3.2,24.15,33.3,18.5,28.2,28,27.3,27.2,28,26.7,26.2,21.1,18.4,,,,,
108,서울,2024-09-01,27.1,24.6,557,31.6,1458,,,,,,,13,6.9,1200,3.38,20.05,33,20,28,28,27.3,27.2,27.9,26.7,26.2,21.2,18.4,4.4,6.4,2.7,{박무}0810-{박무}{강도0}0900-1010.,
108,서울,2024-09-02,24.5,22.2,709,26.9,1701,5.42,1,522,2,437,2.7,13,.1,1400,.93,5.82,24.3,20,25.9,26.2,26.5,26.9,27.9,26.7,26.2,21.2,18.4,2.6,3.7,0,{비}0250-{비}{강도0}0300-0305. {비}0430-{비}{강도0}0600-0645. {비}0840-{비}{강도0}0900-1135.,
108,서울,2024-09-03,27,23.2,625,32,1453,,,,,,,12.9,7.4,1200,3.22,20.85,30,20.2,26.4,26.3,26,26.2,27.3,26.6,26.1,21.3,18.5,5,7.1,,,
108,서울,2024-09-04,27.9,23.2,557,33.3,1559,,,,,,,12.9,10.6,1200,3.19,22.99,32.4,19.5,27.4,27.2,26.5,26.5,27.3,26.5,26.1,21.3,18.5,5.1,7.3,,,
108,서울,2024-09-05,26.3,25.6,1903,28.8,1030,4.42,2.6,1437,4.7,1346,6.9,12.8,.9,1000,1.36,6.91,27.5,21.6,26.9,27,26.8,26.8,27.5,26.5,26.1,21.3,18.5,1.6,2.3,7.3,{비}1130-{비}{강도0}1200-{비}{강도0}1500-1550. {비}2355-{비}{강도0}2400-,
108,서울,2024-09-06,24,23.3,1211,25.7,1,9.75,.3,320,.3,230,.7,12.8,0,1400,.69,4.41,24.8,22.1,25.5,25.7,25.5,25.8,27.3,26.4,26.1,21.3,18.6,1.7,2.4,.3,-{비}-0140. {비}0215-{비}{강도0}0300-0355. {박무}0255-{박무}{강도0}0300-0520. {비}0430-{비}{강도0}0600-0630. {비}0945-{비}{강도0}1200-1340. {비}2105-2130. {비}2355-{비}{강도0}2400-,
108,서울,2024-09-07,26.5,22.8,621,31.3,1432,.42,0,,0,,0,12.8,7.6,1200,2.94,18.81,27.1,21,26.2,26.3,25.5,25.6,27,26.3,26,21.4,18.6,4,5.7,,-{비}-0005. {비}0045-0105.,
108,서울,2024-09-08,27.2,22.6,635,32.8,1528,,,,,,,12.7,9.1,1200,2.97,20.01,29.7,19.1,26.8,26.8,26.3,26.3,27,26.2,26,21.4,18.6,4.4,6.2,,,
108,서울,2024-09-09,28.5,24.1,420,34.1,1445,,,,,,,12.7,6,1300,2.97,16.38,30.4,20.4,27.7,27.3,25.5,25.2,27.1,26.2,26,21.4,18.7,3.7,5.2,,,
108,서울,2024-09-10,29.4,25.6,600,33.9,1535,,,,,,,12.6,9,1100,2.45,17.2,31.9,22.3,28,27.7,26,25.6,27.3,26.2,25.9,21.5,18.7,4.1,5.8,,,
108,서울,2024-09-11,29,25.4,618,34.6,1240,2.25,.2,2307,.4,2227,.4,12.6,5.2,1200,2.45,12.49,29.2,21.3,28,27.7,26.5,26.3,27.4,26.2,25.9,21.5,18.7,2.7,3.9,26.6,{소나기}1450-{소나기}{강도0}1500-1515. {박무}1905-{박무}{강도0}2100-{박무}{강도0}2400- {비}2210-{비}{강도0}2400-,
108,서울,2024-09-12,25.4,24.8,2121,27.1,1,18.83,2.6,644,7.8,501,32.7,12.6,0,1100,.63,3.78,25.8,24.4,26.6,26.8,26.5,26.6,27.5,26.2,25.9,21.5,18.8,1,1.4,7.1,-{비}-{비}{강도0}0300-{비}{강도1}0600-{비}{강도0}0900-1120. -{박무}-{박무}{강도0}0300-{박무}{강도0}0600-0715. {비}1240-{비}{강도1}1500-{비}{강도0}1800-1830. {박무}1445-{박무}{강도0}1500-1515. {비}1925-2040. {비}2210-2220. {비}2340-2355.,
108,서울,2024-09-13,25.9,24.2,413,28,1243,18.67,1.1,2108,2.6,1500,7.6,12.5,0,1200,.84,4.86,26.1,24,26.5,26.5,25.5,25.5,27.3,26.2,25.9,21.5,18.8,1.2,1.8,7,{비}0105-{비}{강도0}0300-{비}{강도0}0600-0750. {비}1030-{비}{강도0}1200-{비}{강도0}1500-1705. {박무}1445-{박무}{강도0}1500-1610. {비}1840-{비}{강도0}2100-{비}{강도0}2400- {박무}2340-{박무}{강도0}2400-,
108,서울,2024-09-14,28,25.2,657,32.2,1630,.33,0,,0,,0,12.5,5.1,1400,2.64,14.61,28.7,24,27.4,27.3,25.7,25.5,27.2,26.1,25.8,21.5,18.8,3.1,4.5,,-{비}-0020. -{박무}-0035.,
108,서울,2024-09-15,27.5,24.2,2346,32.4,1520,,,,,,,12.4,8.2,1200,3.04,18.89,27.2,21.8,27.5,27.3,25.4,25.1,27.4,26.1,25.8,21.6,18.9,4.6,6.6,9.5,,
108,서울,2024-09-16,26.8,21.3,738,32.2,1453,3,3.6,544,8,531,9.5,12.4,6.2,1100,2.88,17.09,26.7,20.5,26.5,26.5,25.7,25.8,27.5,26.2,25.9,21.6,18.9,3.4,4.8,,{소나기}0510-{소나기}{강도1}0600-0810.,
108,서울,2024-09-17,28.6,25.8,556,33.2,1507,,,,,,,12.4,3.5,1100,2.96,14.62,28.6,24,27.9,27.7,25.6,25.2,27.5,26.2,25.9,21.6,18.9,3.1,4.5,,,
108,서울,2024-09-18,29.4,26.5,434,33.6,1445,.5,.6,2243,.7,2225,.7,12.3,6.5,1300,2.57,17.53,29.2,24.5,28.4,28.3,26.4,26,27.7,26.2,25.8,21.6,19,3.7,5.3,.7,{소나기}2225-2255.,
108,서울,2024-09-19,29.1,25.6,632,32.6,1515,,,,,,,12.3,1.4,1100,2.56,11.47,29.1,25,28.5,28.3,26.6,26.3,28,26.3,25.9,21.6,19,2.4,3.4,7.5,,
108,서울,2024-09-20,25,17.9,2345,28.6,1,15.33,5.2,2248,15.8,2215,54.5,12.2,.1,1200,.97,3.58,26.3,17.9,27.4,27.3,25.7,25.4,28.1,26.3,25.8,21.7,19,.9,1.3,73.4,{비}0255-{비}{강도0}0300-{비}{강도0}0600-0615. {비}1035-1140. {비}1305-{비}{강도1}1500-{비}{강도1}1800-{비}{강도0}2100-{비}{강도1}2400- {박무}1430-{박무}{강도0}1500-{박무}{강도0}1800-1935. {박무}2215-2355.,
108,서울,2024-09-21,19.3,17.1,749,21.9,1528,8.83,4.9,613,10.4,745,27,12.2,0,1200,1.57,6.31,20.1,15.9,22.1,22.2,23,24.1,27.3,26.5,25.9,21.7,19.1,1.8,2.5,.6,-{비}-0030. {비}0125-0250. {비}0310-{비}{강도0}0600-{비}{강도1}0900-1005. {박무}0505-{박무}{강도0}0600-0850.,
108,서울,2024-09-22,21,16.9,523,26.7,1520,,,,,,,12.2,7.2,1200,2.95,19.34,21.9,14.7,22.7,22.7,22.6,23.3,26,26.4,26.3,21.9,19.1,4.5,6.5,,,
108,서울,2024-09-23,20.8,16.6,603,26.1,1544,,,,,,,12.1,11.4,1200,3.1,22.31,20.3,13.3,22.2,22.4,23.1,23.9,25.6,26.1,26.2,22.1,19.1,4.5,6.5,,,
108,서울,2024-09-24,21,15.6,638,26.9,1535,,,,,,,12.1,11.1,1200,3.09,22.03,20.1,12,21.8,22,22.4,23.2,25.2,25.8,26.1,22,19.2,4.4,6.3,,,
108,서울,2024-09-25,23.3,18.6,312,27.3,1424,.5,0,,0,,0,12,6.1,1100,2.65,13.51,21.8,14.3,22.5,22.6,22.8,23.3,24.9,25.5,25.9,22,19.2,2.5,3.6,1.2,{비}2240-2310.,
108,서울,2024-09-26,23.6,21.1,645,28,1505,3.58,.9,551,1.1,510,1.2,12,5.9,1400,1.97,14.01,23.4,16.8,23.7,23.7,22.8,23.1,24.9,25.3,25.8,22,19.2,2.9,4.1,,{비}0010-0040. {비}0405-{비}{강도0}0600-0710.,
108,서울,2024-09-27,22.7,19.1,643,28,1534,,,,,,,12,7.9,1200,2.98,16.45,22.2,15.8,23.1,23.1,22.7,23,25,25.1,25.6,21.9,19.2,3.9,5.5,,,
108,서울,2024-09-28,23.2,19.2,613,27.9,1359,,,,,,,11.9,8.2,1200,2.81,18.07,22,15.8,22.9,22.9,22.3,22.6,24.9,25,25.5,21.9,19.3,4.2,6,,,
108,서울,2024-09-29,23.5,19.1,622,29,1446,,,,,,,11.9,7.3,1200,2.91,18.06,22.6,15.6,23,23,22.6,22.9,24.8,24.9,25.3,21.9,19.3,4.2,6,,,
108,서울,2024-09-30,23,18.3,622,28.5,1532,,,,,,,11.8,8,1200,2.9,16.77,23.7,14,23.3,23.3,23,23.2,24.7,24.8,25.2,21.9,19.3,3.4,4.8,2.2,,
108,서울,2024-10-01,18.3,13.3,2400,21.7,1,4.5,1.3,550,2.1,515,2.5,11.8,2.2,1300,1.25,7.73,18.4,7.6,21.6,21.8,22.3,22.9,24.6,24.7,25.2,21.9,19.4,2.2,3.2,.3,{비}0515-{비}{강도0}0600-0755. {비}0830-{비}{강도0}0900-0950. {비}1250-1320.,
108,서울,2024-10-02,14.9,11.6,649,19.9,1536,,,,,,,11.8,9.5,1200,3.03,20.66,16.7,5.7,18.2,18.4,19.9,21.1,23.7,24.6,25.1,21.9,19.4,4,5.8,,,
108,서울,2024-10-03,16.4,10.8,618,22.5,1307,,,,,,,11.7,7.3,1200,2.96,15.9,16.7,5.4,18.2,18.3,19.4,20.6,22.7,24.3,25,21.9,19.4,3.1,4.5,,,
108,서울,2024-10-04,17.6,11.9,642,24.2,1454,,,,,,,11.7,10.9,1200,2.9,20.32,22.1,6.2,18.8,19,19.6,20.4,22.2,24,24.9,21.9,19.5,4,5.7,,,
108,서울,2024-10-05,17.5,11.6,601,24.4,1510,,,,,,,11.6,9.7,1100,2.61,17.31,21.3,5.6,18.7,18.9,19.5,20.2,22,23.6,24.7,21.9,19.5,3.2,4.6,,,
108,서울,2024-10-06,15.4,12.3,546,17.9,1500,2.67,0,,0,,0,11.6,0,1300,.57,3.65,15.7,6.4,17.6,17.8,18.9,19.9,21.8,23.4,24.6,21.9,19.5,1,1.4,0,{비}1305-{비}{강도0}1500-1535. {비}1610-1620.,
108,서울,2024-10-07,16.9,14,652,20.7,1312,,,,,,,11.6,1.8,1200,1.55,9.33,18.6,9.9,18.3,18.3,18.5,19.2,21.3,23.1,24.4,21.9,19.5,1.7,2.4,,{박무}2205-{박무}{강도0}2400-,
108,서울,2024-10-08,17.7,12.7,710,23.9,1505,,,,,,,11.5,6.8,1100,2.57,14.54,22,7.3,18.4,18.4,18.6,19.3,21.2,22.9,24.2,21.9,19.6,2.8,3.9,,-{박무}-{박무}{강도0}0300-{박무}{강도1}0600-{박무}{강도0}0900-1040.,
108,서울,2024-10-09,18.8,13.9,629,24.4,1402,,,,,,,11.5,8.1,1100,2.62,16.61,20.8,9.2,19,19.1,19.1,19.7,21.2,22.7,24,21.9,19.6,3.3,4.7,,,
108,서울,2024-10-10,18.8,15.3,611,24.1,1547,.17,0,,0,,0,11.4,6.3,1300,2.7,13.91,22.4,11,19.7,19.7,19.4,19.7,21.3,22.5,23.8,21.9,19.6,2.7,3.9,0,{비}1210-1220.,
108,서울,2024-10-11,18.6,13.9,702,24.4,1451,,,,,,,11.4,9.5,1200,2.61,16.05,21.7,8.4,19.4,19.4,18.9,19.3,21.3,22.4,23.7,21.9,19.6,3.1,4.4,,{연무}1940-{연무}{강도0}2100-2350.,
108,서울,2024-10-12,18.3,13.4,657,24.7,1535,,,,,,,11.4,10.4,1200,2.72,18.19,21.7,7,18.8,18.9,19.1,19.6,21.3,22.3,23.6,21.9,19.7,3.8,5.4,,{박무}0205-{박무}{강도0}0300-{박무}{강도0}0600-{박무}{강도0}0900-0958. {연무}0953-1025.,
108,서울,2024-10-13,18.3,12.6,625,22.6,1535,,,,,,,11.3,4.7,1000,2.14,11.43,20.1,6.1,18.4,18.6,19.1,19.7,21.1,22.2,23.4,21.8,19.7,2.3,3.3,,,
108,서울,2024-10-14,19.3,17.6,309,21.5,1444,1.5,0,,0,,0,11.3,0,1300,.78,4.71,20.1,14.5,19.2,19.3,19.3,19.8,21,22,23.3,21.8,19.7,1.3,1.9,.4,{비}1205-1320. {비}1710-1725.,
108,서울,2024-10-15,19.2,17.6,612,21.9,1511,5.58,.2,,.4,301,.5,11.3,0,1200,.77,4.59,19.3,12.9,19.6,19.7,19.4,19.8,21,21.9,23.2,21.8,19.7,.9,1.3,.1,{비}0130-{비}{강도0}0300-0520. {비}0840-{비}{강도0}0900-1015. {비}1530-1540. {박무}1540-1620. {박무}1840-{박무}{강도0}2100-{박무}{강도0}2400-,
108,서울,2024-10-16,18.2,14.4,628,24.2,1449,,,,,,,11.2,6.8,1200,2.61,13.84,20.1,7.9,19.1,19.1,19,19.4,21,21.9,23.1,21.7,19.7,2.6,3.7,,-{박무}-{박무}{강도0}0300-{박무}{강도0}0600-{박무}{강도1}0900-1130. {연무}1735-{연무}{강도0}1800-{연무}{강도0}2100-{연무}{강도0}2400-,
108,서울,2024-10-17,19,13.8,402,25.7,1512,,,,,,,11.2,7.5,1200,2.47,14.7,20.8,8.7,18.9,18.9,19,19.5,20.9,21.7,23,21.7,19.8,3,4.3,0,{박무}0025-{박무}{강도0}0300-{박무}{강도0}0600-{박무}{강도0}0900-0910. -{연무}-0030. {달무리}2300-,
108,서울,2024-10-18,17.4,16.2,1955,18.8,930,11.33,9,1514,20.9,1432,47.1,11.1,0,1100,.27,1.54,17,13.5,18.2,18.3,19,19.6,20.9,21.7,22.9,21.7,19.8,.6,.8,48.1,-{달무리}-0050. {비}0545-0555. {비}0630-0705. {비}0850-{비}{강도0}0900-{비}{강도0}1200-{비}{강도1}1500-1645. {박무}1210-{박무}{강도1}1500-1620. {비}1940-{비}{강도0}2100-2220.,
108,서울,2024-10-19,16.6,12.4,2341,21.1,1151,2.08,.3,215,.9,155,1,11.1,2.1,1100,1.74,8.19,17.2,10.1,18.2,18.2,18.1,18.7,19.8,21.4,22.8,21.6,19.8,2.5,3.6,,{비}0145-{비}{강도0}0300-0350. {박무}0205-{박무}{강도0}0300-0310.,
108,서울,2024-10-20,13.4,10.5,709,17.8,1421,,,,,,,11.1,10,1200,2.68,17.47,14.2,7.4,15.6,15.7,17.1,18.1,19.8,21.2,22.6,21.6,19.8,3.4,4.9,,,
108,서울,2024-10-21,14.8,9.7,233,19.3,1513,2.33,0,,0,,0,11,1.1,1100,1.52,8.92,14.7,5.9,15.5,15.5,16.1,17.1,19.2,21.1,22.6,21.6,19.9,1.7,2.4,1,{비}0935-0945. {비}1935-{비}{강도0}2100-2110. {비}2305-2340.,
108,서울,2024-10-22,15.5,14.9,644,16.6,2155,21.5,1.4,1750,3.6,1713,20.6,11,0,1100,.26,1.27,15.6,13.6,16.4,16.3,16,16.6,19,20.8,22.4,21.5,19.9,.6,.9,21.9,{비}0145-{비}{강도0}0300-{비}{강도0}0600-{비}{강도0}0900-{비}{강도0}1200-1210. -{박무}-{박무}1015-1150. {비}1225-1350. {박무}1235-1325. {비}1420-{비}{강도0}1500-{이슬비}1530-{비}1550-{비}{강도0}1800-{비}{강도0}2100-{비}{강도0}2400- {박무}1425- {박무}{강도0}1500-{박무}{강도1}1800-{박무}{강도1}2100-{박무}{강도1}2400-,
108,서울,2024-10-23,12.7,9.4,2356,15.5,1341,5.5,.7,-2356,2,-2331,2.3,10.9,2.9,1200,1.8,9.76,14.3,4.3,15.6,15.5,15.5,16.2,18.8,20.6,22.3,21.5,19.9,1.7,2.5,,-{박무}-0105. -{비}-{비}{강도0}0300-0435. {비}0510-{비}{강도0}0600-0605.,
108,서울,2024-10-24,12.5,7.1,650,18.4,1501,,,,,,,10.9,9.9,1200,2.48,16.03,13,1.2,13.8,13.8,14.6,15.6,18.3,20.3,22.1,21.5,19.9,2.7,3.8,,,
108,서울,2024-10-25,14.9,8.7,701,21.5,1416,,,,,,,10.9,7.9,1200,2.54,14.88,13.8,3.2,14.3,14.3,14.9,15.8,17.9,20.1,21.9,21.4,19.9,2.8,3.9,,{박무}0050-{박무}{강도0}0300-{박무}{강도0}0600-0725.,
108,서울,2024-10-26,17,10.7,644,24,1552,,,,,,,10.8,9.7,1200,2.48,16.04,15.9,5.3,15.4,15.2,14.8,15.4,17.7,19.8,21.7,21.4,19.9,2.9,4.2,,,
108,서울,2024-10-27,16,14,2400,18.8,1314,.58,0,,0,,0,10.8,.2,1200,.95,5.27,15.1,8.4,16,15.8,15.1,15.5,17.9,19.6,21.5,21.3,19.9,1,1.5,0,{비}1405-1440. {박무}1910-{박무}{강도0}2100-{박무}{강도0}2400-,
108,서울,2024-10-28,15.7,12.3,416,20.4,1504,.13,0,,0,,0,10.8,1.9,1200,1.74,8.92,15.4,6.9,15.9,15.7,15.4,16,17.9,19.5,21.4,21.3,19.9,2.1,3,0,-{박무}-{박무}{강도0}0300-{박무}{강도1}0600-{박무}{강도0}0900-1058. {비}1850-1858.,
108,서울,2024-10-29,15,13.4,504,18.3,1529,1,0,,0,,0,10.7,.2,1300,1.07,6.22,14.4,8,15.7,15.7,16.1,16.7,18,19.4,21.2,21.3,19.9,1.4,2,0,{비}1050-1140. {비}1630-1640.,
108,서울,2024-10-30,15.7,11.4,709,21.4,1405,,,,,,,10.7,9.6,1200,2.33,14.75,15.5,5.5,15.5,15.4,15.7,16.3,17.8,19.2,21.1,21.2,19.9,2.7,3.8,,,
108,서울,2024-10-31,15.9,11,714,22.6,1455,,,,,,,10.7,9.4,1200,2.32,14.38,15,5.1,15.3,15.2,15.6,16.2,17.7,19.2,20.9,21.2,19.9,2.5,3.6,,{박무}0152-0242.,
108,서울,2024-11-01,15.3,12.9,321,18.7,1454,,,,,,,10.6,.1,1300,1.06,5.83,14.3,8.7,15.3,15.2,15.5,16.1,17.6,19.1,20.9,21.1,20,1.3,1.9,,,
108,서울,2024-11-02,18.1,13,658,25.1,1510,,,,,,,10.6,9.6,1100,2.3,14.31,16.1,6.6,15.9,15.7,15.7,16.1,17.5,19,20.7,21.1,20,2.9,4.2,,,
108,서울,2024-11-03,17.6,13,655,23.5,1347,.15,,,,,0,10.6,8.2,1200,2.28,13.13,16.1,8,16.1,16,15.9,16.4,17.6,18.8,20.6,21,20,2.6,3.7,.1,{비}2050-2059.,
108,서울,2024-11-04,14.8,8.9,2354,18.3,1228,.5,,,,,.1,10.5,6.7,1200,2.04,11.74,15.8,4.2,16.3,16.3,16.5,16.8,17.8,18.8,20.5,21,20,2.7,3.8,,{비}0150-0220.,
108,서울,2024-11-05,9.1,5.6,737,14.7,1423,,,,,,,10.5,8.8,1200,2.24,13.47,10.3,-1.8,12.7,12.8,14.5,15.6,17.5,18.8,20.4,20.9,20,2.7,3.8,,,
108,서울,2024-11-06,7.5,4.1,628,12.5,1430,,,,,,,10.5,9.7,1200,2.38,14.98,8.1,-3.3,10.4,10.5,12.4,13.9,16.5,18.6,20.3,20.8,20,2.7,3.9,,,
108,서울,2024-11-07,7.8,1.6,707,15.7,1515,,,,,,,10.4,9.7,1200,2.3,14.42,7.8,-5.2,9.5,9.5,11.1,12.5,15.5,18.4,20.3,20.8,20,2.6,3.6,,,
108,서울,2024-11-08,10.2,3.1,629,18.1,1501,,,,,,,10.4,9.6,1200,2.25,13.87,8.9,-3.4,9.8,9.7,10.9,12.1,14.7,18,20.1,20.7,20,2.6,3.6,,,
108,서울,2024-11-09,12.9,6.8,607,20.3,1436,,,,,,,10.3,8.9,1200,2.2,13.18,11.1,.5,11.1,11,11.4,12.3,14.4,17.6,19.9,20.7,20,2.4,3.4,,,
108,서울,2024-11-10,14.4,10.3,536,21,1520,,,,,,,10.3,6.8,1300,2.05,11.42,13.1,5.3,12.6,12.5,12.6,13.1,14.5,17.3,19.8,20.6,20,2.2,3.2,,,
108,서울,2024-11-11,14.6,9.7,743,21.8,1430,,,,,,,10.3,9.3,1200,2.12,12.95,13,3.8,12.9,12.8,13,13.6,14.8,17.1,19.6,20.6,20,2.5,3.5,,{연무}2205-{연무}{강도0}2400-,
108,서울,2024-11-12,14.3,11,2359,19.2,1520,,,,,,,10.3,9.3,1100,2.13,13.02,13.5,3,13.5,13.4,13.5,14,15,17,19.4,20.5,20,2.5,3.5,,-{연무}-{연무}{강도0}0300-0340.,
108,서울,2024-11-13,14.2,8.3,711,21.3,1433,,,,,,,10.2,8.6,1200,2.07,12.26,12.1,2.1,12.6,12.6,13,13.7,15.1,16.9,19.2,20.5,20,2.4,3.5,,,
108,서울,2024-11-14,14.8,13.2,419,16.8,1434,4,,,,,.1,10.2,0,1100,.66,3.57,13.2,8.6,13.5,13.6,13.5,14,15.1,16.9,19.1,20.4,20,1.1,1.6,.1,{비}1020-1120. {비}1615-{비}{강도0}1800-1915. {달코로나}1910-1925.,
108,서울,2024-11-15,17,13.7,109,21.5,1550,.75,,,,,0,10.2,5.5,1200,2.28,9.84,16.2,8.7,14.9,14.7,13.8,14,15.3,16.8,19,20.4,20,2,2.9,,{비}0810-0855.,
108,서울,2024-11-16,17,14.4,2358,22.6,1316,5.92,,,,,6.5,10.1,,,,,15.2,8.8,15.6,15.3,14.1,14.1,15.8,16.8,18.9,20.3,20,1.3,1.8,6.5,{비}1425-{비}{강도0}1500-{비}{강도0}1800-1940. {박무}1535-{박무}{강도2}1800-{박무}{강도0}2100-2335. {비}2010-2050.,
108,서울,2024-11-17,7,2.1,2400,14.4,1,,,,,,,10.1,4.1,1300,2.06,8.47,8.2,-3.5,12.1,12.2,13.2,14,16.1,16.9,18.8,20.2,20,2.3,3.3,,,
108,서울,2024-11-18,2.8,-.7,721,7.9,1456,,,,,,,10.1,9.3,1200,2.25,13.68,2.9,-7.4,7.1,7.4,10.3,12.2,14.9,16.9,18.8,20.2,20,2.5,3.5,,,
108,서울,2024-11-19,5.7,.3,1,11.3,1418,,,,,,,10.1,7.4,1100,1.87,9.9,4.1,-6,6.8,6.8,8.7,10.4,13.5,16.7,18.7,20.1,20,1.6,2.3,,,
108,서울,2024-11-20,6.5,2.4,445,9.6,1206,,,,,,,10,.3,1100,1.21,3.75,5.2,-4,7.4,7.5,8.7,10,12.8,16.3,18.6,20,20,.9,1.2,0,{연무}2010-{연무}{강도0}2100-2235. {박무}2230-{박무}{강도0}2400-,
108,서울,2024-11-21,9.7,6,631,14.1,1319,1.83,,,,,0,10,3.2,1100,1.49,6.57,8.6,.1,9.1,9.1,9.4,10.3,12.5,15.9,18.5,20,20,1.4,2.1,0,{비}0055-0115. {비}0240-{비}{강도0}0300-0320. -{박무}-{박무}{강도0}0300-{박무}{강도0}0600-{박무}{강도0}0900-{박무}{강도0}1200-1210. {연무}1205-{연무}{강도0}1500-1515. {비}1350-1440. {연무}1810-1950. {연무}2120-2240.,
108,서울,2024-11-22,6.2,3.3,801,10.6,1451,,,,,,,10,9.2,1200,2.1,12.57,5.4,-5.3,7.9,8,9.4,10.5,12.6,15.6,18.3,19.9,20,2.3,3.3,,,
108,서울,2024-11-23,6.4,1.5,711,12.6,1425,,,,,,,10,9.2,1200,1.99,11.87,4,-5.8,6.5,6.5,8.2,9.6,12.1,15.4,18.1,19.9,19.9,2.1,3,,,
108,서울,2024-11-24,7.4,2.6,729,14.2,1529,,,,,,,9.9,9.1,1200,2.03,11.89,5.5,-3.4,6.9,6.9,8,9.1,11.5,15.1,17.9,19.8,19.9,1.9,2.8,,,
108,서울,2024-11-25,10.1,3.6,459,15.4,1412,.42,,,,,0,9.9,6.8,1200,1.84,9.9,7.1,-2.8,7.8,7.6,7.7,8.7,11.3,14.8,17.7,19.7,19.9,2,2.9,16,{비}2335-{비}{강도0}2400-,
108,서울,2024-11-26,5.8,1,2348,12.7,1,21.67,,,,,26,9.9,.9,1100,.99,4.35,6.7,.1,8.7,8.7,8.9,9.6,11.5,14.6,17.5,19.7,19.9,.7,.9,26.3,{박무}0205-{박무}{강도0}0300-{박무}{강도0}0600-0615. -{비}-{비}{강도1}0300-{비}{강도1}0600-0835. {비}1015-{비}{강도0}1200-1255. {비}1335-{비}{강도0}1500-{비}{강도0}1800-{진눈깨비}2055-{진눈깨비}{강도0}2100-{눈}2320-{눈}{강도0}2400- {박무}2050-{박무}{강도0}2100-{박무}{강도1}2400-,
108,서울,2024-11-27,-.4,-1.3,742,1.2,48,19.17,,,,,22.4,9.9,.3,900,.15,.82,1.1,-2.9,5.1,5.3,7.3,8.7,11.2,14.4,17.3,19.6,19.9,.3,.4,11,-{박무}-0005. -{진눈깨비}-{진눈깨비}0045-{눈}0055-{시정(미만)}{1km}{눈}0157-{눈}{강도1}0300-{시정(미만)}{0.5km}{눈}0316-{시정(이상)}{0.5km}{눈}0344-{시정(이상)}{1km}{눈}0348-{시정(미만)}{1km}{눈}0430-{시정(이상)}{1km}{눈}0439-{시정(미만)}{1km}{눈}0513-{눈}{강도1}0600-{시정(이상)}{1km}{눈}0618-0740. {눈}0855-{눈}{강도0}0900-{눈}{강도0}1200-{시정(미만)}{1km}{눈}1344-{시정(미만)}{0.5km}{눈}1406-{시정(이상)}{0.5km}{눈}1422-{시정(이상)}{1km}{눈}1430-1450. {눈}1605-1630. {눈}1850-{눈}{강도0}2100-{시정(미만)}{1km}{눈}2314-{시정(미만)}{0.5km}{눈}2319-{시정(이상)}{0.5km}{눈}2347-{시정(이상)}{1km}{눈}2351-{눈}{강도1}2400-,
108,서울,2024-11-28,.8,-1.7,2347,3.4,1307,8.83,,,,,4.9,9.8,4.5,1300,1.99,8.16,1.2,-6.3,4.5,4.6,6.1,7.5,10.5,14.1,17.1,19.6,19.9,.9,1.3,,-{눈}-{시정(미만)}{1km}{눈}0147-{시정(이상)}{1km}{눈}0156-{시정(미만)}{1km}{눈}0212-{시정(이상)}{1km}{눈}0225-{눈}{강도1}0300-{시정(미만)}{1km}{눈}0554-{눈}{강도1}0600-{시정(이상)}{1km}{눈}0607-0850. {박무}0840-{박무}{강도0}0900-1050.,
108,서울,2024-11-29,.2,-3.4,709,3.4,1306,2.58,,,,,0,9.8,5.4,1100,1.89,8.35,.9,-9,3.6,3.7,5.4,6.8,10,13.8,16.9,19.5,19.9,.9,1.3,0,{눈}1335-1445. {눈}1510-1550. {눈}1755-{눈}{강도0}1800-1840.,
108,서울,2024-11-30,2.5,-.5,637,5.6,1446,1.42,,,,,0,9.8,2.4,900,1,4.74,1.9,-8.3,3.4,3.5,4.9,6.3,9.6,13.4,16.7,19.4,19.8,.6,.9,0,{비}1605-1640. {비}1710-1745. {비}1840-1855. {박무}2005-{박무}{강도0}2100-2150. {박무}2205-{박무}{강도0}2400-,
108,서울,2024-12-01,5.2,1.6,444,8.2,1411,2.08,,,,,.5,9.8,2.4,1100,1.58,7.01,4.8,-4.7,4.8,4.8,5.3,6.4,9.1,13,16.4,19.4,19.8,.8,1.1,.5,-{박무}-{박무}{강도1}0300-{박무}{강도1}0600-{박무}{강도0}0900-{박무}{강도0}1200-{박무}{강도0}1800-1820. {비}1702-1712. {박무}1905-{박무}{강도0}2100-{박무}{강도0}2400- {비}2025-{비}{강도0}2100-2220.,
108,서울,2024-12-02,6.4,.6,2359,13,1403,.25,,,,,0,9.8,2.3,1000,1.09,5.09,5.2,-4.5,6.3,6.3,6.3,7,8.7,12.5,16.2,19.3,19.8,1.1,1.5,0,-{박무}-{박무}{강도1}0300-{박무}{강도0}0600-{박무}{강도0}0900-{박무}{강도0}1200-{박무}{강도0}1500-1510. {비}1055-1110. {연무}1505-{연무}{강도0}1800-1840.,
108,서울,2024-12-03,1.3,-2.4,740,5.2,1438,1.08,,,,,0,9.7,8.9,1200,2.09,11.61,1.1,-6.5,3.6,3.7,5.7,7,8.9,12.2,15.7,19.2,19.8,1.8,2.6,0,{눈}2255-{눈}{강도0}2400-,
108,서울,2024-12-04,3.1,-.6,808,6.9,1447,.5,,,,,0,9.7,8.9,1100,1.91,11.12,1.5,-8.7,3.4,3.4,5.2,6.4,8.4,12.2,15.1,19.6,18.8,1.8,2.5,,-{눈}-0030.,
108,서울,2024-12-05,3.9,-.1,653,8.8,1339,.88,,,,,1.8,9.7,6.7,1200,1.98,9.89,1.5,-7.1,3.4,3.3,4.9,6.1,8,12,14.9,19.5,18.8,1.7,2.4,1.8,{비}1605-1658.,
108,서울,2024-12-06,2.1,-.4,2352,5.2,1259,,,,,,,9.7,9.1,1200,2.01,11.69,.7,-6.8,3,3,4.8,5.9,7.8,11.7,14.7,19.4,18.8,1.8,2.6,,,
108,서울,2024-12-07,.2,-2.5,640,4.6,1343,,,,,,,9.7,7.2,1200,1.99,10.86,-.3,-8.8,1.9,2,4,5.3,7.4,11.5,14.5,19.3,18.8,1.5,2.2,,,
108,서울,2024-12-08,-.2,-3.9,644,4.1,1451,,,,,,,9.7,9.1,1200,2.01,11.62,-1.3,-9.6,1.2,1.3,3.2,4.6,6.9,11.2,14.3,19.2,18.7,1.7,2.4,,,
108,서울,2024-12-09,1,-3.8,622,7.4,1420,,,,,,,9.7,8.3,1200,1.89,10.61,-.9,-10.3,.8,.8,2.8,4.2,6.5,10.9,14.1,19.1,18.7,1.4,2,,,
108,서울,2024-12-10,2.6,-1.9,754,6.9,1513,,,,,,,9.6,8.4,1200,1.9,10.52,-.2,-10.4,1,.9,2.7,3.9,6.1,10.6,13.8,19,18.7,1.6,2.2,,{햇무리}1555-1645.,
108,서울,2024-12-11,3,.2,2357,8.2,1450,,,,,,,9.6,6.9,1300,1.66,8.65,1.3,-6.5,1.8,1.6,2.9,4,6,10.3,13.6,18.9,18.7,1.5,2.1,,,
108,서울,2024-12-12,.5,-3.2,719,5.4,1331,,,,,,,9.6,6.7,1200,1.95,10.06,-.7,-10.8,1.2,1.3,3,4.1,6,10.1,13.4,18.8,18.7,1.7,2.4,,,
108,서울,2024-12-13,1,-1.5,2350,4.5,1439,,,,,,,9.6,5.2,1200,1.29,7.14,.2,-8.5,1.5,1.4,2.8,3.9,5.8,9.9,13.2,18.7,18.6,1.4,2,,,
108,서울,2024-12-14,-.8,-3.6,749,2.5,1525,,,,,,,9.6,9,1200,1.93,11.11,-1.6,-10.3,.7,.8,2.6,3.7,5.6,9.7,13,18.6,18.6,1.4,2,0,,
108,서울,2024-12-15,1.2,-2.2,2355,5.4,1315,.33,,,,,0,9.6,6,1200,1.92,8.76,-.1,-9.9,.8,.7,2.3,3.4,5.4,9.5,12.8,18.5,18.6,1.4,2.1,0,{눈}0450-0505. {눈}1043-1048.,
108,서울,2024-12-16,-.2,-3.3,548,3.9,1238,4.75,,,,,0,9.6,3.8,1000,1.37,5.61,-1.7,-11,.4,.4,2.1,3.3,5.2,9.3,12.6,18.4,18.6,.8,1.1,0,{눈}1220-{눈}{강도0}1500-1705.,
108,서울,2024-12-17,-.8,-3.5,2353,3.8,1548,,,,,,,9.6,6.2,1100,1.51,8.26,-1.8,-12,.2,.2,1.9,3,5,9.2,12.4,18.3,18.6,1.3,1.9,,,
108,서울,2024-12-18,-3.4,-6.2,739,.9,1520,,,,,,,9.6,9,1200,1.97,11.38,-3.3,-13.5,-.1,-.1,1.7,2.8,4.7,9,12.2,18.2,18.5,1.4,2,,,
108,서울,2024-12-19,-1.4,-6.7,752,4.9,1451,,,,,,,9.6,8.2,1200,1.88,10.53,-2.7,-13.9,-.3,-.5,1.3,2.5,4.5,8.8,12,18.1,18.5,1.5,2.1,,,
108,서울,2024-12-20,1.4,-2.1,436,5.3,1425,4.07,,,,,.4,9.6,1.4,1200,1.24,4.9,-.9,-8.7,-.2,-.4,1,2.2,4.3,8.6,11.9,18,18.5,.8,1.2,3.3,{눈}1956-{눈}{강도0}2100-{싸락눈}2135-{눈}2145-{눈}{강도0}2400-,
108,서울,2024-12-21,-.7,-4.7,2335,1.9,453,6.25,,,,,2.9,9.6,2,1100,1.24,4.03,-.4,-8.9,-.1,-.3,.7,1.8,4.2,8.4,11.7,17.9,18.5,.7,1,,-{눈}-0010. {눈}0225-{시정(미만)}{1km}{눈}0246-{시정(미만)}{0.5km}{눈}0249-{시정(이상)}{0.5km}{눈}{강도1}0300-{시정(이상)}{1km}{눈}0314-{진눈깨비}0510-{눈}0530-{눈}{강도0}0600-0830. {박무}0815-{박무}{강도1}0900-{박무}{강도0}1200-1220. {연무}1215-{연무}{강도0}1500-{연무}{강도0}1800-1850.,
108,서울,2024-12-22,-3.4,-7.7,806,1,1540,,,,,,,9.6,9,1200,1.98,11.47,-2.5,-13.1,-.2,-.3,1.1,2.1,4.1,8.2,11.5,17.8,18.4,1.3,1.8,,,
108,서울,2024-12-23,.3,-5,706,6.7,1442,,,,,,,9.6,7.3,1200,1.91,10.29,-1.2,-11.9,-.3,-.4,1.1,2.2,4,8,11.3,17.7,18.4,1.5,2.1,,,
108,서울,2024-12-24,-.4,-4.3,725,5.1,1524,,,,,,,9.6,9,1200,1.94,11.06,-1.8,-12,-.3,-.4,1.1,2.1,3.9,7.9,11.2,17.6,18.4,1.5,2.1,,,
108,서울,2024-12-25,2.7,-1.1,449,6.5,1424,.5,,,,,.1,9.6,3,1300,1.39,6.46,-.2,-7,-.2,-.3,1,2.1,3.9,7.7,11,17.5,18.3,1.1,1.5,.1,{비}1950-1955. {비}2215-2240. {박무}2315-{박무}{강도0}2400-,
108,서울,2024-12-26,.1,-4.8,2356,4.2,1,.25,,,,,0,9.6,8.6,1200,1.98,11.1,-.5,-9.7,-.1,-.2,1.1,2,3.8,7.6,10.8,17.4,18.3,1.6,2.3,,-{박무}-{박무}{강도0}0300-{박무}{강도0}0600-0705. {비}0355-0410. {연무}0701-{연무}{강도0}0900-0905.,
108,서울,2024-12-27,-2.6,-5.9,736,1.8,1403,2,,,,,0,9.6,7.3,1100,1.78,9.29,-2.7,-12.2,-.2,-.4,1,2,3.7,7.5,10.7,17.3,18.2,1.3,1.8,0,{눈}2020-{눈}{강도0}2100-2220.,
108,서울,2024-12-28,-3,-6.7,821,1.1,1508,,,,,,,9.6,8.3,1200,1.96,11.01,-3.3,-12,-.5,-.6,.9,1.9,3.6,7.4,10.5,17.2,18.2,1.3,1.9,,,
108,서울,2024-12-29,1.1,-4.2,808,6.1,1417,,,,,,,9.6,6.5,1200,1.9,9.49,-1,-11.6,-.5,-.6,.7,1.7,3.5,7.2,10.4,17,18.2,1.3,1.8,,,
108,서울,2024-12-30,5.5,1.9,26,10.1,1234,.25,,,,,0,9.6,2.6,1200,1.58,6.29,.7,-4.2,-.1,-.3,.7,1.7,3.4,7.1,10.3,16.9,18.1,1.4,2,0,{연무}2140-2355. {비}2345-{비}{강도0}2400- {박무}2350-{박무}{강도0}2400-,
108,서울,2024-12-31,.6,-2,821,4.9,4,.33,,,,,0,9.6,9,1200,1.98,11.57,-.3,-9.4,-.2,-.3,.8,1.7,3.4,7,10.1,16.8,18.1,1.6,2.4,,-{비}-0020. {연무}0050-0110. -{박무}-0055.,
108,서울,2025-01-01,2.6,-2.5,441,8.9,1540,,,,,,,9.6,5.6,1200,1.73,8.55,-.2,-9.5,-.2,-.3,.9,1.7,3.4,6.9,10,16.7,18.1,1.3,1.9,,,
108,서울,2025-01-02,.5,-2.9,804,6,1507,,,,,,,9.6,9,1200,1.97,11.03,-.7,-11.1,-.2,-.3,.8,1.6,3.4,6.8,9.9,16.6,18,1.9,2.6,,,
108,서울,2025-01-03,-1.1,-5.1,522,3.2,1551,.5,,,,,0,9.7,7.7,1200,1.75,9.9,-2.3,-13,-.2,-.3,.9,1.7,3.3,6.7,9.8,16.5,18,1.3,1.9,0,{눈}2052-{눈}{강도0}2100-2122.,
108,서울,2025-01-04,-.1,-5.4,752,5.7,1503,,,,,,,9.7,7.9,1200,1.97,11.03,-1.5,-12.2,-.3,-.4,.7,1.5,3.2,6.7,9.7,16.4,18,1.6,2.3,4.4,,
108,서울,2025-01-05,1.2,-.7,109,2.5,2353,9,,,,,6.7,9.7,0,1400,.33,1.03,-.7,-6.8,-.1,-.3,.8,1.6,3.2,6.6,9.6,16.3,17.9,.3,.4,5.3,{눈}0255-{눈}{강도0}0300-0335. {눈}0525-{눈}{강도0}0600-{시정(미만)}{1km}{눈}0740-{시정(이상)}{1km}{눈}0855-{눈}{강도1}0900-{눈}{강도0}1200-1345. -{박무}-{박무}1340-{박무}{강도1}1500-{박무}{강도0}1800-{박무}{강도0}2100-{박무}{강도0}2400-,
108,서울,2025-01-06,1,-3,2336,3.4,1323,3.03,,,,,3,9.7,2.3,1200,1.59,6.09,-.3,-6,-.1,-.3,.6,1.4,3.2,6.5,9.5,16.2,17.9,1,1.5,0,{비}0218-{비}{강도0}0300-0420. -{박무}-{박무}{강도1}0300-{박무}{강도2}0600-{박무}{강도2}0900-{박무}{강도0}1200-1235. {비}0830-0855. {진눈깨비}0945-1020. {연무}1230-{연무}{강도0}1500-{연무}{강도0}1800-1930.,
108,서울,2025-01-07,-2.6,-5.7,800,1.5,1437,1,,,,,.1,9.7,7,1200,1.98,10.13,-1.7,-11.7,-.1,-.3,.5,1.2,3.1,6.4,9.4,16.1,17.9,1.2,1.8,.1,{눈}1740-{눈}{강도0}1800-1840.,
108,서울,2025-01-08,-3.4,-6.1,2344,.2,1452,1.25,,,,,0,9.7,4.9,1100,1.58,8.02,-2.4,-11.9,-.5,-.5,.4,1.2,3,6.3,9.3,16,17.8,1.3,1.9,0,{눈}2245-{눈}{강도0}2400-,
108,서울,2025-01-09,-9.7,-11.6,2322,-6.1,1,.25,,,,,0,9.8,8.5,1200,2.12,12.36,-5.3,-16.4,-1.5,-1.6,.4,1.2,2.9,6.2,9.2,15.9,17.8,1.1,1.6,,-{눈}-0015.,
108,서울,2025-01-10,-7.3,-12.2,721,-1.7,1553,,,,,,,9.8,9.2,1200,2.06,12.17,-4.8,-17.1,-2.4,-2.5,-.1,.9,2.7,6.2,9.1,15.8,17.7,1.1,1.5,,,
108,서울,2025-01-11,-5.1,-9.5,752,.4,1502,,,,,,,9.8,9.1,1200,1.99,11.74,-4.1,-15,-2.4,-2.4,-.3,.8,2.6,6,9,15.7,17.7,1.2,1.7,,,
108,서울,2025-01-12,-3.4,-8.2,748,2.5,1411,,,,,,,9.8,7.7,1200,1.88,9.9,-4,-14.6,-2.1,-2.3,-.5,.6,2.4,5.9,8.9,15.6,17.6,1.1,1.6,0,,
108,서울,2025-01-13,-.4,-5.6,555,4.1,1330,7.42,,,,,1.3,9.8,2.2,1100,1.58,6.1,-2.1,-12.9,-1.5,-1.7,-.5,.5,2.4,5.8,8.8,15.6,17.6,.7,1,1.4,{눈}0755-{눈}{강도0}0900-0940. {눈}1435-{눈}{강도0}1500-{진눈깨비}1645-{눈}1655-{진눈깨비}1725-{진눈깨비}{강도0}1800-1915. {박무}1920-{박무}{강도2}2100-{박무}{강도2}2400- {진눈깨비}2205-2305.,
108,서울,2025-01-14,2.3,-1.7,2355,5.2,1305,1.58,,,,,.1,9.8,2.3,1400,1.28,6.69,.5,-6.2,-.4,-.6,-.3,.5,2.3,5.7,8.6,15.5,17.5,1.2,1.7,,{눈}0205-{진눈깨비}0220-0230. -{박무}-{박무}{강도1}0300-{박무}{강도2}0600-{박무}{강도2}0900-{박무}{강도0}1200-1315. {진눈깨비}0425-0535. {연무}1310-1420.,
108,서울,2025-01-15,-3.5,-5.3,802,-.5,1517,,,,,,,9.9,9.2,1200,2.14,12.74,-2.5,-10.1,-.9,-1.1,-.3,.5,2.3,5.6,8.6,15.4,17.5,1.7,2.4,0,,
108,서울,2025-01-16,-.5,-4.9,1,2.8,1448,2,,,,,0,9.9,.2,1300,.87,2.91,-1.7,-7.7,-1.2,-1.3,-.4,.4,2.3,5.5,8.4,15.3,17.5,.6,.9,0,{눈}0135-0210. {눈}0910-0935. {눈}1527-1537. {눈}1558-1633. {눈}1705-1720.,
108,서울,2025-01-17,-.5,-4.9,750,5.6,1615,,,,,,,9.9,9,1200,2,11.84,-1.1,-12.7,-1.4,-1.3,-.4,.4,2.2,5.4,8.3,15.2,17.4,1.5,2.2,,{박무}0810-{박무}{강도0}0900-1050. {연무}1045-{연무}{강도0}1200-1225.,
108,서울,2025-01-18,1,-4,756,7.5,1340,,,,,,,9.9,7.9,1200,1.91,10.75,-1.5,-11.2,-1.5,-1.4,-.5,.3,2.1,5.3,8.3,15.1,17.3,1.5,2.2,,,
108,서울,2025-01-19,3.8,-1.2,148,9,1418,,,,,,,10,3.7,1200,1.86,7.93,.5,-8.7,-1.3,-.9,-.7,.1,2.2,5.3,8.1,15,17.3,1.1,1.5,0,{박무}2030-{박무}{강도0}2100-{박무}{강도0}2400-,
108,서울,2025-01-20,3.9,.9,2346,7.5,1447,.17,,,,,0,10,3.8,1300,1.64,7.55,1,-7,-1,-.6,-.6,.1,2.2,5.2,8.1,14.9,17.3,1,1.5,,{비}0215-0225. -{박무}-{박무}{강도0}0300-{박무}{강도0}0600-{박무}{강도0}0900-1150. {연무}1145-{연무}{강도1}1200-{연무}{강도0}1500-{연무}{강도0}1800-{연무}{강도1}2100-2320. {박무}2315-{박무}{강도1}2400-,
108,서울,2025-01-21,2.4,-1,809,6.3,1400,,,,,,,10,6.4,1200,1.7,8.9,.3,-7.8,-1,-.6,-.7,0,2.1,5.1,8,14.8,17.2,1,1.4,,-{박무}-{박무}{강도1}0300-{박무}{강도1}0600-{박무}{강도1}0900-{박무}{강도1}1200-1340. {연무}1335-{연무}{강도1}1500-{연무}{강도1}1800-1955. {박무}1950-{박무}{강도1}2100-{박무}{강도0}2400-,
108,서울,2025-01-22,3.6,.5,2353,7.7,1529,,,,,,,10,5.5,1200,1.94,9.42,1.2,-7.6,-.9,-.6,-.6,.1,2.1,5.1,7.9,14.8,17.2,1.3,1.9,,-{박무}-{박무}{강도1}0300-{박무}{강도0}0600-{박무}{강도1}0900-{박무}{강도0}1200-1220. {연무}1215-{연무}{강도0}1500-1540. {연무}1810-2050. {연무}2150-{연무}{강도0}2400-,
108,서울,2025-01-23,2,-2.4,710,7.7,1526,,,,,,,10.1,9.3,1200,2.14,13.06,.8,-9.4,-.9,-.6,-.6,.1,2.1,5,7.8,14.7,17.1,1.9,2.8,,-{연무}-0250. {박무}0340-{박무}{강도0}0600-0810.,
108,서울,2025-01-24,3.1,-2.7,815,10.6,1542,,,,,,,10.1,9.4,1200,2.14,12.68,.6,-9.6,-.4,-.6,-.3,.3,2.1,5,7.7,14.6,17.1,2.1,3.1,,,
108,서울,2025-01-25,5.2,1.2,536,11.4,1404,,,,,,,10.1,7.7,1200,2.2,11.67,.6,-5.9,-.7,-.5,-.1,.5,2.1,4.9,7.7,14.5,17,2.3,3.3,,,
108,서울,2025-01-26,4.6,1.8,619,7.5,1330,,,,,,,10.2,1.9,1100,1.5,6.98,.5,-3.2,-.8,-.5,-.2,.4,2.1,4.9,7.6,14.4,17,1.4,2,4.2,,
108,서울,2025-01-27,.2,-2.7,2357,5.1,1,22.35,,,,,5.6,10.2,1.2,1300,1.43,4.89,-.2,-2.2,-.7,-.6,-.3,.2,2.1,4.9,7.5,14.3,16.9,.8,1.2,1.5,{비}0020-{비}{강도0}0300-{비}{강도0}0600-{진눈깨비}0630-{눈}0710-{시정(미만)}{1km}{눈}0808-{시정(이상)}{1km}{눈}0824-{눈}{강도1}0900-{눈}{강도0}1200-1255. {박무}0605-0730. {눈}1320-1335. {눈}1404-{눈}{강도0}1500-1655. {눈}1720-{눈}{강도0}1800-{눈}{강도0}2100-{눈}{강도0}2400-,
108,서울,2025-01-28,-3.9,-5.3,2331,-2.5,1457,22.58,,,,,.1,10.2,.6,1000,.93,5.74,-.5,-4.9,-.7,-.5,-.2,.3,2.1,4.8,7.5,14.3,16.9,.7,1,.2,-{눈}-{눈}{강도0}0300-{눈}{강도0}0600-{눈}{강도0}0900-{눈}{강도0}1200-{눈}{강도0}1500-1745. {눈}1910-{눈}{강도0}2100-{눈}{강도0}2400-,
108,서울,2025-01-29,-4.6,-6.4,823,-1.3,1351,11.75,,,,,.2,10.3,6.7,1300,2.51,12.35,-1.1,-8,-.7,-.5,.1,.6,2.1,4.8,7.4,14.2,16.8,1.2,1.7,0,-{눈}-{눈}{강도0}0300-{눈}{강도0}0600-{눈}{강도0}0900-1145.,
108,서울,2025-01-30,-3.8,-7.5,746,-1,1240,,,,,,,10.3,2.7,1200,1.72,8.01,-1.7,-9.4,-.6,-.7,0,.5,2.1,4.8,7.4,14.1,16.8,1.1,1.5,.1,,
108,서울,2025-01-31,-.8,-2.6,647,.7,2317,17.92,,,,,2.4,10.3,0,1100,.32,1.83,-.8,-4.6,-.3,-.7,-.2,.4,2.1,4.8,7.3,14,16.7,.3,.5,2.3,{눈}0220-{눈}{강도0}0300-{눈}{강도0}0600-{눈}{강도0}0900-1030. {눈}1150-{눈}{강도0}1200-{눈}{강도0}1500-{눈}{강도0}1800-{눈}{강도0}2100-2135. {박무}2030-{박무}{강도0}2100-{박무}{강도0}2400-,
108,서울,2025-02-01,1.6,-2,645,7.9,1558,,,,,,,10.3,7.3,1300,2.12,11.15,-.6,-7.3,-.2,-.6,-.1,.4,2.1,4.7,7.3,14,16.7,1.3,1.9,,-{박무}-{박무}{강도0}0300-{박무}{강도0}0600-{박무}{강도0}0900-1130.,
108,서울,2025-02-02,1.5,-2.5,808,6.8,1537,.08,,,,,0,10.4,7.8,1200,2.06,12.04,.2,-8.1,-.2,-.6,-.2,.3,2.1,4.7,7.3,13.9,16.6,1.7,2.4,0,{눈}2150-2155. {박무}2150-{박무}{강도0}2400-,
108,서울,2025-02-03,-4.1,-8.2,2327,.6,1,,,,,,,10.4,9.6,1200,2.43,15.08,-.7,-10.3,-.4,-.6,0,.5,2.1,4.7,7.2,13.8,16.6,1.7,2.4,,-{박무}-0130.,
108,서울,2025-02-04,-9,-11.5,753,-5.3,1508,,,,,,,10.4,9.7,1200,2.47,15.63,-3.9,-13.1,-1.2,-1.5,0,.6,2.1,4.7,7.2,13.7,16.5,1.2,1.8,,,
108,서울,2025-02-05,-8.6,-11.8,440,-3.7,1454,,,,,,,10.5,6.8,1300,2.41,12.04,-4,-15.7,-2.1,-2.2,-.2,.4,2,4.6,7.1,13.7,16.5,1.2,1.8,,,
108,서울,2025-02-06,-5.6,-11.5,358,-.2,1332,2.75,,,,,2.3,10.5,5.9,1200,2.4,11.43,-3.4,-17.4,-2,-2.5,-.6,.2,1.9,4.6,7.1,13.6,16.4,1.1,1.6,2.7,{눈}1505-{시정(미만)}{1km}{눈}1555-{시정(미만)}{0.5km}{눈}1601-{시정(이상)}{0.5km}{눈}1630-{시정(이상)}{1km}{눈}1634-1750.,
108,서울,2025-02-07,-8,-10.7,2243,-4.7,310,6.17,,,,,.4,10.6,7.6,1200,2.63,14.93,-2.4,-13.1,-1.3,-1.8,-.7,0,1.9,4.5,7.1,13.5,16.4,1.2,1.7,0,{눈}0305-{눈}{강도0}0600-0850. {눈}0915-0940.,
108,서울,2025-02-08,-7.9,-11.5,555,-3.4,1617,,,,,,,10.6,9.6,1200,2.52,16.12,-3.6,-14.4,-2.2,-2.7,-1.1,-.3,1.8,4.5,7,13.5,16.3,1.2,1.8,,,
108,서울,2025-02-09,-4.7,-9.6,716,1.7,1513,,,,,,,10.6,9.4,1200,2.53,15.96,-1.9,-15.2,-2,-2.4,-1.1,-.2,1.7,4.4,6.9,13.4,16.3,1.5,2.2,,,
108,서울,2025-02-10,-2.6,-7.5,710,2.6,1554,1.58,,,,,0,10.7,7.2,1200,2.14,13.55,-1.2,-13.1,-1.4,-1.8,-1,-.3,1.7,4.4,6.9,13.3,16.2,1.4,2,0,{눈}1340-{눈}{강도0}1500-1515.,
108,서울,2025-02-11,.5,-5.7,710,7,1459,,,,,,,10.7,9.4,1200,2.36,14.77,.2,-11.9,-1.3,-1.8,-1.1,-.4,1.7,4.3,6.8,13.3,16.2,1.8,2.6,1.3,,
108,서울,2025-02-12,.5,-2.9,2346,2.5,1551,12.5,,,,,2.5,10.7,0,1000,.2,1.28,-.3,-6.3,-.4,-.9,-.9,-.4,1.7,4.3,6.8,13.2,16.2,.6,.8,1.2,{눈}0248-0253. {눈}0435-{눈}{강도0}0600-{눈}{강도0}0900-{눈}{강도0}1200-{이슬비}1440-{이슬비}{강도0}1500-1555. {박무}1440-{박무}{강도2}1500-{박무}{강도0}1800-1835. {이슬비}1630-1735.,
108,서울,2025-02-13,.2,-5.8,643,6.1,1511,,,,,,,10.8,9.6,1200,2.56,16.5,.3,-11.9,-.9,-1.3,-.8,-.4,1.6,4.2,6.7,13.2,16.1,2,2.9,,,
108,서울,2025-02-14,3.7,-1.6,746,10.1,1517,,,,,,,10.8,9.5,1200,2.39,14.75,1.6,-7.3,-.6,-1.1,-.9,-.4,1.6,4.2,6.6,13.1,16.1,2,2.8,,{연무}2040-{연무}{강도0}2100-2255. {박무}2250-{박무}{강도0}2400-,
108,서울,2025-02-15,4.1,.4,701,7.8,1459,,,,,,,10.8,.9,1400,1.32,7.95,1.6,-6.5,-.3,-.9,-.9,-.5,1.6,4.1,6.6,13,16,1,1.5,,-{박무}-{박무}{강도1}0300-{박무}{강도0}0600-{박무}{강도0}0900-{박무}{강도0}1200-1225. {연무}1220-1450. {박무}2335-{박무}{강도0}2400-,
108,서울,2025-02-16,4.3,.4,2359,9.7,1351,,,,,,,10.9,3.4,1300,1.77,9.32,1.3,-5.3,-.2,-.8,-.8,-.4,1.6,4.1,6.5,13,16,1.6,2.3,,-{박무}-{박무}{강도0}0300-{박무}{강도0}0600-{박무}{강도0}0900-1140. {연무}1240-{연무}{강도0}1500-{연무}{강도1}1800-1830. {박무}1825-{박무}{강도1}2100-2155. {연무}2150-2220.,
108,서울,2025-02-17,-.3,-3.4,2357,3.5,1530,,,,,,,10.9,9.9,1200,2.67,17.57,1.7,-7.4,-.2,-.6,-.5,-.1,1.6,4.1,6.5,12.9,15.9,2.5,3.5,,,
108,서울,2025-02-18,-2.3,-5.2,738,2.6,1505,,,,,,,10.9,9.9,1200,2.65,17.73,.4,-9.2,-.4,-.5,-.3,.2,1.6,4,6.4,12.8,15.9,2.4,3.4,,,
108,서울,2025-02-19,-3,-5.8,357,1.2,1523,,,,,,,11,10,1200,2.69,17.9,.1,-11.3,-.7,-1,-.4,.1,1.6,4,6.4,12.8,15.8,2,2.9,,,
108,서울,2025-02-20,-2.9,-6.5,634,1.9,1605,,,,,,,11,10,1200,2.77,18.07,-.1,-13.3,-1.3,-1.3,-.3,.3,1.6,4,6.4,12.7,15.8,2.2,3.1,,,
108,서울,2025-02-21,-2.5,-6.4,502,2.6,1418,,,,,,,11.1,10.1,1200,2.71,17.73,.1,-12.9,-1.1,-1.4,-.4,.2,1.6,4,6.3,12.7,15.7,2.2,3.1,,,
108,서울,2025-02-22,-2.3,-5.6,434,2.7,1355,,,,,,,11.1,10.2,1200,2.76,18.11,.4,-12,-1,-1.3,-.3,.2,1.6,4,6.3,12.6,15.7,2.1,3,,,
108,서울,2025-02-23,-3.6,-6.5,502,.5,1529,,,,,,,11.1,10.1,1200,2.76,18.35,-.2,-13.1,-.9,-1.4,-.4,.2,1.6,3.9,6.3,12.6,15.7,2,2.9,,,
108,서울,2025-02-24,-1.3,-6.3,407,4.7,1554,,,,,,,11.2,10.3,1200,2.78,18.74,.6,-12.5,-1,-1.6,-.6,-.1,1.6,3.9,6.2,12.5,15.6,2.1,3.1,,,
108,서울,2025-02-25,2.1,-3.1,728,6.1,1251,,,,,,,11.2,5.4,1000,2.08,11.46,-.3,-10.3,-.5,-1.1,-.6,0,1.6,3.9,6.2,12.4,15.6,1.4,2.1,,{박무}2320-{박무}{강도0}2400-,
108,서울,2025-02-26,3.7,.7,2326,9.1,1527,,,,,,,11.3,9.6,1200,2.84,18.43,3.1,-8.9,-.2,-1,-1,-.4,1.6,3.9,6.2,12.4,15.5,3.1,4.4,,-{박무}-{박무}{강도0}0300-{박무}{강도1}0600-{박무}{강도1}0900-0935. {연무}0930-1059.,
108,서울,2025-02-27,5.8,-2,717,14.2,1454,,,,,,,11.3,10,1200,2.76,18.29,3.2,-9,-.1,-.6,-.3,.2,1.6,3.9,6.1,12.3,15.5,3.7,5.3,,,
108,서울,2025-02-28,7.8,3.7,604,13.7,1539,,,,,,,11.3,3.4,1300,2.35,10.43,2.8,-5.1,.1,-.5,-.4,.1,1.7,3.9,6.1,12.3,15.4,1.8,2.5,,{연무}2030-{연무}{강도0}2100-{연무}{강도0}2400-,
108,서울,2025-03-01,8.5,3.4,552,13,1213,1.5,,,,,.6,11.4,1.7,1100,2.3,7.53,1.7,-4.9,.1,-.5,-.4,.1,1.7,3.9,6.1,12.2,15.4,1.4,2,.6,{박무}0115-{박무}{강도0}0300-{박무}{강도0}0600-{박무}{강도0}0900-1010. -{연무}-0120. {연무}1005-{연무}{강도0}1200-{연무}{강도0}1500-{연무}{강도0}1800-{연무}{강도0}2100-{연무}{강도0}2400- {비}1420-{비}{강도0}1500-1535. {비}1830-1845.,
108,서울,2025-03-02,8.3,2.2,2349,15.6,1310,9.42,,,,,11.8,11.4,.4,1200,1.8,5.25,3.9,.3,1,.3,-.4,.1,1.8,3.9,6.1,12.2,15.4,1.6,2.3,22.2,-{연무}-{연무}{강도0}0300-{연무}{강도0}0600-{연무}{강도0}0900-0940. {비}1435-{비}{강도0}1500-{비}{강도0}1800-{비}{강도0}2100-{진눈깨비}2255-{진눈깨비}{강도0}2400- {박무}1525-{박무}{강도0}1800-1845.,
108,서울,2025-03-03,3.1,1,633,7.1,1311,7.33,,,,,10.4,11.5,6.6,1200,2.81,16.28,3.4,-.3,1,.3,-.3,.3,2,3.9,6.1,12.1,15.3,2.7,3.9,0,-{비}-{비}0050-{비}{강도0}0300-{진눈깨비}0345-{눈}0405-{눈}{강도0}0600-0720.,
108,서울,2025-03-04,2.5,.9,1018,3.4,1707,8.75,,,,,4,11.5,.6,1300,1.22,5.68,-.1,-.1,.7,0,.3,.9,2.4,3.9,6.1,12.1,15.3,1,1.4,4,{눈}0745-{눈}{강도0}0900-{시정(미만)}{1km}{눈}0958-{시정(이상)}{1km}{눈}1052-{눈}{강도0}1200-{진눈깨비}1315-{진눈깨비}{강도0}1500-1630.,
108,서울,2025-03-05,4.8,2.3,707,9.2,1605,.5,,,,,0,11.5,1.6,1400,1.47,9.18,4,-2.2,2.6,2,1.5,1.4,2.5,4,6.1,12,15.2,1.4,1.9,,{눈}0750-0820.,
108,서울,2025-03-06,4.8,-.4,721,10.4,1547,,,,,,,11.6,10.5,1200,2.76,19.3,4.8,-7.7,3.4,2.8,2.6,2.3,3,4.1,6.1,12,15.2,3,4.2,,,
108,서울,2025-03-07,5.3,0,706,11.1,1519,,,,,,,11.6,8.6,1100,2.33,15.35,4.1,-7.4,3.8,3.3,3.2,2.9,3.6,4.2,6.1,11.9,15.1,2.3,3.3,,{연무}0920-1015.,
108,서울,2025-03-08,5.8,2.8,732,11.2,1440,,,,,,,11.7,9,1200,2.86,17.83,6.4,-3.9,4.8,4.3,3.8,3.4,4,4.4,6.2,11.9,15.1,2.7,3.9,,{연무}0515-{연무}{강도0}0600-{연무}{강도0}0900-0935. {박무}2335-{박무}{강도0}2400-,
108,서울,2025-03-09,6.9,1.2,717,13.5,1636,,,,,,,11.7,10.4,1200,2.81,19.37,6.3,-6.3,5.4,4.8,4.4,4,4.5,4.7,6.2,11.9,15.1,2.8,4,,-{박무}-{박무}{강도0}0300-{박무}{강도0}0600-{박무}{강도0}0900-1010. {연무}1005-{연무}{강도0}1200-1340. {연무}1755-{연무}{강도0}1800-{연무}{강도0}2100-{연무}{강도0}2400-,
108,서울,2025-03-10,8,2.4,544,14.9,1503,,,,,,,11.7,10.5,1200,2.77,19.27,7.4,-5.1,6.1,5.5,5.1,4.6,5,4.9,6.3,11.8,15,3.1,4.5,,-{연무}-{연무}{강도0}0300-0440. {박무}0435-{박무}{강도0}0600-{박무}{강도0}0900-0930. {연무}0925-{연무}{강도0}1200-1350. {연무}1905-{연무}{강도0}2100-{연무}{강도0}2400-,
108,서울,2025-03-11,9.4,2.9,655,16.6,1532,,,,,,,11.8,10.2,1200,2.91,19.89,8.9,-5.1,6.8,6.2,5.6,5.1,5.5,5.2,6.4,11.8,15,3.2,4.6,,-{연무}-{연무}{강도0}0300-{연무}{강도0}0600-{연무}{강도0}0900-1110.,
108,서울,2025-03-12,8.5,6.7,548,11.8,1315,1.08,,,,,0,11.8,.1,1100,1.24,5.68,7.5,-.4,7.3,6.7,6.3,5.8,6.1,5.5,6.5,11.7,15,1.2,1.7,0,{연무}1530-1630. {박무}1625-{박무}{강도0}1800-{박무}{강도1}2100-{박무}{강도0}2400- {이슬비}1645-1750.,
108,서울,2025-03-13,8.9,3.2,703,15,1632,,,,,,,11.8,10.5,1300,2.83,18.93,9.2,-4.6,7.3,6.7,6.3,5.9,6.3,5.8,6.6,11.7,15.3,3.6,5.1,,-{박무}-{박무}{강도0}0300-{박무}{강도0}0600-{박무}{강도1}0900-1017. {황사}1210-{황사}{강도0}1500-{황사}{강도0}1800-1950.,
108,서울,2025-03-14,12.4,5,703,20.1,1515,,,,,,,11.9,9.7,1200,2.92,20.11,10.5,-3.7,8.1,7.4,6.7,6.2,6.6,6,6.8,11.7,15.3,5,7.1,,,
108,서울,2025-03-15,12.6,10,709,17.2,1437,.75,,,,,0,11.9,6.3,1300,2.88,16.89,12,6.5,9.5,8.9,7.8,7,7.2,6.3,6.9,11.6,15.2,3.8,5.4,.6,{비}2315-{비}{강도0}2400-,
108,서울,2025-03-16,4.9,1.3,2331,10.1,1,9,,,,,.8,12,3.9,1400,1.87,9.76,7.1,-1.6,7.7,7.3,7.9,7.5,7.8,6.6,7.1,11.6,15.2,2.1,3,.2,-{비}-0020. {비}0210-{비}{강도0}0300-{비}{강도0}0600-{비}{강도0}0900-1050.,
108,서울,2025-03-17,2.5,-1.3,631,6.8,1350,3.92,,,,,.4,12,9.5,1300,2.84,19.33,5.1,-7.3,5.4,4.8,5.8,6.2,7.3,6.9,7.3,11.6,15.1,2.6,3.7,10.3,{눈}2005-{눈}{강도0}2100-{시정(미만)}{1km}{눈}2357-{눈}{강도1}2400-,
108,서울,2025-03-18,2.1,.3,711,5.6,1636,12.92,,,,,9.9,12.1,3.8,1300,2.14,10.7,2.8,-2.1,4.5,3.7,4.7,5.1,7,7,7.5,11.6,15.1,1.5,2.1,0,-{눈}-{시정(미만)}{0.5km}{눈}0034-{시정(이상)}{0.5km}{눈}0048-{시정(이상)}{1km}{눈}0054-{시정(미만)}{1km}{눈}0250-{눈}{강도1}0300-{시정(이상)}{1km}{눈}0328-{시정(미만)}{1km}{눈}0408-{시정(미만)}{0.5km}{눈}0415-{시정(이상)}{0.5km}{눈}0426-{시정(이상)}{1km}{눈}0430-{눈}{강도0}0600-{시정(미만)}{1km}{눈}0706-{시정(이상)}{1km}{눈}0730-0855. {눈}0905-0930. {눈}1030-1045. {눈}1145-{눈}{강도0}1200-1315. {눈}1355-1440. {눈}1845-1950.,
108,서울,2025-03-19,2.4,-1.9,543,7.3,1459,,,,,,,12.1,11.3,1200,3.18,22.71,4.3,-8.1,4.1,3.7,4.3,4.8,6.2,7.1,7.6,11.5,15.1,3,4.3,,,
108,서울,2025-03-20,8.2,2.2,1,15,1448,,,,,,,12.1,7.3,1200,2.99,18.04,8.7,-1.3,6.3,5.8,5.4,5.2,6.2,7,7.7,11.5,15,3,4.2,,{연무}1750-{연무}{강도0}1800-{연무}{강도0}2100-{연무}{강도0}2400-,
108,서울,2025-03-21,11.6,7.9,125,18.7,1555,,,,,,,12.2,9.5,1200,2.96,20.44,12,2.2,9.2,8.7,7.2,6.4,6.9,7,7.8,11.5,15,3.8,5.5,,{박무}0120-{박무}{강도0}0300-{박무}{강도1}0600-{박무}{강도0}0900-0958. -{연무}-0125. {연무}0953-{연무}{강도0}1200-1325.,
108,서울,2025-03-22,12.8,6.1,645,19.9,1504,,,,,,,12.2,11.1,1200,3.01,21.44,12.1,-.6,9.8,8.4,6.6,5.9,7.9,7.1,7.8,11.5,15,4.4,6.3,,{연무}0150-{연무}{강도0}0300-{연무}{강도0}0600-{연무}{강도0}0900-{연무}{강도0}1200-1310. {연무}2310-{연무}{강도0}2400-,
108,서울,2025-03-23,15.2,7.1,615,24,1427,,,,,,,12.3,8.9,1200,3.04,19.96,13.4,-.6,10.9,9.4,7.3,6.6,8.5,7.4,7.9,11.5,14.9,4.2,6,0,-{연무}-{연무}{강도0}0300-{연무}{강도0}0600-{연무}{강도0}0900-{연무}{강도0}1200-{연무}{강도0}1500-1605. {연무}2255-2305.,
108,서울,2025-03-24,15.5,11.7,2324,21.3,1349,.67,,,,,0,12.3,7.6,1200,2.85,18.71,14.5,4.8,12.3,10.8,8.6,7.6,9.2,7.7,8.1,11.5,14.9,3.7,5.3,,{비}0615-0655. {연무}1535-{연무}{강도0}1800-{연무}{강도0}2100-2240. {박무}2235-{박무}{강도1}2400-,
108,서울,2025-03-25,12.7,8.4,2353,21.4,1353,,,,,,,12.3,3.9,1300,2.44,13.63,12.7,3.8,12,10.5,8.8,8,10,8.1,8.2,11.5,14.9,3,4.3,,-{박무}-{박무}{강도1}0300-{박무}{강도1}0600-{박무}{강도1}0900-0920. {연무}0915-1135. {황사}1140-{황사}{강도0}1200-{황사}{강도0}1500-{황사}{강도0}1800-2055.,
108,서울,2025-03-26,15.5,6,535,23.9,1639,,,,,,,12.4,10,1200,3.03,20.83,14,-.8,11.5,10,8.5,8,10.1,8.5,8.4,11.5,14.8,4,5.7,.2,{황사}0850-{황사}{강도0}0900-{황사}{강도0}1200-{황사}{강도0}1500-{황사}{강도0}1800-2155.,
108,서울,2025-03-27,13.7,7.1,2359,18.6,11,4.83,,,,,.3,12.4,1.9,1400,1.83,8.16,14,4.7,12.5,11.7,10.5,9.6,10.5,8.8,8.6,11.5,14.8,2.3,3.2,.1,{비}0620-{비}{강도0}0900-0945. {박무}0625-{박무}{강도0}0900-1030. {황사}1640-{황사}{강도0}1800-1910. {비}2025-{비}{강도0}2100-2150.,
108,서울,2025-03-28,6.5,3.1,2358,11.8,1335,,,,,,,12.5,7.8,1200,3.36,21.46,9.8,-5.6,9.9,9.6,10.2,10.1,10.7,9.1,8.8,11.5,14.8,4.1,5.8,,,
108,서울,2025-03-29,3.3,.6,629,6.7,1502,2.25,,,,,0,12.5,7.3,1500,2.46,15.68,6.2,-7.7,6.9,6.6,8.4,9,10.2,9.3,9,11.5,14.8,2.7,3.8,0,{눈}0912-0937. {비}1015-{진눈깨비}1025-1055. {눈}1209-{진눈깨비}1219-1224. {눈}1315-1410.,
108,서울,2025-03-30,3.3,-1.8,649,7.6,1704,4.67,,,,,0,12.5,7.1,900,2.18,14.39,4.3,-9.7,5.5,5.1,6.7,7.5,9.2,9.4,9.2,11.5,14.7,2.1,3,0,{눈}1115-{눈}{강도0}1200-{눈}{강도0}1500-1555.,
108,서울,2025-03-31,7.7,1.2,612,14.1,1542,,,,,,,12.6,10.8,1200,3.2,23.15,10.3,-5.6,7.6,6.9,6.8,7,8.5,9.3,9.3,11.5,14.7,3.5,5,,{연무}2350-{연무}{강도0}2400-,
108,서울,2025-04-01,10.1,3.9,638,17,1444,,,,,,,12.6,10.2,1200,3.19,22.77,11.9,-3.2,9.4,8.6,8,7.6,8.8,9.1,9.4,11.5,14.7,4.1,5.9,,{박무}0250-{박무}{강도0}0300-{박무}{강도0}0600-{박무}{강도0}0900-0930. -{연무}-0255. {연무}0925-1115.,
108,서울,2025-04-02,8.9,5.2,558,14.4,1157,.32,0,,0,,0,12.7,4.6,1000,2.31,12.07,9.3,-2.7,8.7,8.3,8.4,8.3,9.4,9.1,9.5,11.6,14.7,2.4,3.5,0,{비}1709-1728.,
108,서울,2025-04-03,9.8,3.6,630,16.9,1455,,,,,,,12.7,11.6,1200,3.28,23.81,13.2,-3.1,10,9.3,8.5,8.1,9.4,9.2,9.5,11.6,14.6,3.8,5.4,,{연무}0005-{연무}{강도0}0300-0540. {박무}0535-{박무}{강도0}0600-0840.,
108,서울,2025-04-04,10.6,6,630,16.4,1407,,,,,,,12.7,10.4,1200,3.3,23.53,13.7,-.5,10.8,10.2,9.5,9,9.8,9.3,9.6,11.6,14.6,4,5.7,2.2,{연무}0145-{연무}{강도0}0300-0410. {박무}0405-{박무}{강도0}0600-0845. {연무}0840-{연무}{강도0}0900-0930.,
108,서울,2025-04-05,8,7.5,1646,9.5,1,18.22,1.1,1745,4.3,916,22.8,12.8,0,1200,.32,2.17,8.4,5.9,9.3,8.3,8,7.9,10.3,9.5,9.6,11.6,14.6,.6,.8,20.6,{비}0052-0255. {연무}0150-0240. {박무}0235-{박무}{강도0}0300-0350. {연무}0625-0750. {비}0725-{비}{강도0}0900-{비}{강도0}1200-{비}{강도0}1500-{이슬비}1530-{비}1705-{비}{강도0}1800-{이슬비}2025-{비}2055-{비}{강도0}2100-{이슬비}2210-2330. {박무}0745-{박무}{강도1}0900-{박무}{강도0}1200-1350. {박무}1415-{박무}{강도0}1500-{박무}{강도1}1800-{박무}{강도0}2100-{박무}{강도1}2400- {이슬비}2355-{이슬비}{강도0}2400-,
108,서울,2025-04-06,10.3,6.9,642,15.7,1508,.33,0,,0,,0,12.8,9.6,1200,3.33,22.7,12.2,2.1,10.8,9.9,8.8,8.4,10,9.6,9.7,11.6,14.6,3.7,5.3,,-{이슬비}-0020. -{박무}-{박무}{강도0}0300-0525.,
108,서울,2025-04-07,13.5,5.5,649,20.1,1428,,,,,,,12.9,11.3,1200,3.24,23.67,13.9,-2,11.5,10.9,10.1,9.6,10.5,9.7,9.8,11.7,14.6,4.7,6.8,,{박무}0450-{박무}{강도0}0600-0855.,
108,서울,2025-04-08,13.8,10.7,622,18.9,1533,,,,,,,12.9,9.2,1200,3.35,23.34,15.3,3.9,13.1,12.5,11.3,10.5,11.1,9.9,9.9,11.7,14.6,4.6,6.6,,{박무}0330-{박무}{강도0}0600-{박무}{강도0}0900-1015. {연무}1010-1050.,
108,서울,2025-04-09,12.7,8.4,628,18,1313,2.52,.5,1926,.8,1839,.8,12.9,2.2,1200,2.62,12.49,12.1,2.1,11.9,11.4,11.1,10.6,11.6,10.1,10,11.7,14.5,2.7,3.9,.8,{비}1555-1615. {비}1804-2005. {비}2350-{비}{강도0}2400-,
108,서울,2025-04-10,13.2,8.8,657,19.1,1515,3.42,0,,0,,0,13,9.7,1400,3,22.16,15.9,3.2,12.5,12.2,11.2,10.6,11.6,10.4,10.1,11.7,14.5,3.8,5.5,0,{연무}0235- -{비}-{비}{강도0}0300-0325. {연무}0520-{연무}{강도0}0600-0635. {박무}0630-{박무}{강도0}0900-0912.,
108,서울,2025-04-11,16.2,8.1,617,24.2,1453,,,,,,,13,11.8,1200,3.42,25.16,17.2,1.3,13.6,12.9,11.6,10.9,12,10.6,10.3,11.8,14.5,5.3,7.6,,{연무}0235- {연무}{강도0}0300-0545. {박무}0540-{박무}{강도0}0600-0840. {연무}0835-{연무}{강도0}0900-0925.,
108,서울,2025-04-12,12.9,1.4,2329,22.5,1135,11.17,1,2151,4.2,2144,15.4,13.1,1.5,1000,2.1,8.09,12.1,.1,12.9,12.5,12.2,11.6,12.6,10.8,10.4,11.8,14.5,2.1,3.1,18.5,{비}1250-{비}{강도0}1500-{비}{강도0}1800-{비}{강도0}2100-{진눈깨비}2250-{눈}2320-{눈}{강도0}2400-,
108,서울,2025-04-13,5.5,1.1,45,8.2,1002,6.47,.6,16,2.7,-2334,4.2,13.1,3.7,1100,2.64,12.47,6.5,.1,8.7,8.1,9.3,9.8,12.2,11.1,10.6,11.8,14.4,1.8,2.6,2.4,-{비}-{비}0120-{이슬비}0155-0225. {황사}0930-{황사}{강도0}1200-1315. {비}1015-1045. {싸락우박}1157-{싸락우박}{강도0}1200-{비}1203-{진눈깨비}1355-{싸락우박}1457-{싸락우박}{강도0}1500-1505. {진눈깨비}1520-1545.,
108,서울,2025-04-14,4.4,2.6,304,6,1110,11.88,2,1123,3.9,1117,7.4,13.1,.3,800,.81,5.6,5.6,-.9,7.4,6.7,7.2,7.8,11.3,11.2,10.7,11.8,14.4,.8,1.2,6.1,{우박}(d 0.8)0242-{비}0250-{비}{강도0}0300-0305. {비}0850-{비}{강도0}0900-{소나기}1120-{싸락우박}1123-{비}1128-{비}{강도1}1200-{비}{강도0}1500-{비}{강도0}1800-2020.,
108,서울,2025-04-15,8.2,2.3,432,14,1504,,,,,,,13.2,12.1,1200,3.65,26.94,11.3,-3.8,8.4,8.6,8.3,8.4,10.5,11.1,10.8,11.8,14.4,3.6,5.1,,{박무}2250-{박무}{강도0}2400-,
108,서울,2025-04-16,14.6,6.4,330,21.9,1435,,,,,,,13.2,9.7,1100,3.16,22.26,13.7,.9,10.9,11.4,10.3,9.9,10.8,10.9,10.9,11.9,14.3,4.1,5.9,,-{박무}-{박무}{강도0}0300-{박무}{강도0}0600-{박무}{강도0}0900-0935.,
108,서울,2025-04-17,19.7,15.8,618,24.7,1328,,,,,,,13.2,2.9,1200,2.71,15,17,8.5,13.9,14.2,12.4,11.3,11.7,10.9,11,11.9,14.3,3.2,4.6,0,,
108,서울,2025-04-18,18.6,15.4,902,23.7,1621,.83,0,,0,,0,13.3,5,1300,2.85,15.19,18.2,10.8,15.4,15.5,13.7,12.5,12.8,11.1,11,11.9,14.2,2.8,4,1,{박무}0635-{박무}{강도1}0900-{박무}{강도0}1200-1255. {이슬비}0755-0845. {연무}1250-1440. {연무}2130-{연무}{강도0}2400-,
108,서울,2025-04-19,15.3,12.2,2352,20,1311,11.5,1.6,1829,3.6,1741,9.2,13.3,0,1100,.64,2.93,14.5,7.2,14.1,14.4,13.7,12.9,13.5,11.4,11.1,12,14.2,1.1,1.5,8.2,-{연무}-{연무}{강도0}0300-0345. {박무}0340-{시정(미만)}{1km}{안개}0522-{안개}{강도0}0600-{시정(이상)}{1km}{박무}0700-{박무}{강도0}0900-0920. {이슬비}0430-{비}0550-{비}{강도0}0600-{비}{강도0}0900-0945. {비}1150-{비}{강도0}1200-1230. {비}1335-{비}{강도0}1500-{비}{강도0}1800-{이슬비}1845-1910. {박무}1414-{박무}{강도0}1500-{박무}{강도1}1800-{박무}{강도0}2100-{박무}{강도0}2400-,1.63
108,서울,2025-04-20,16.7,9.5,543,24.1,1617,,,,,,,13.4,11.6,1200,3.55,26.74,18.2,3.3,15.7,14.9,13.3,12.5,13.5,11.7,11.2,12,14.2,4.4,6.3,,-{박무}-{박무}{강도0}0300-{박무}{강도0}0600-0840.,
108,서울,2025-04-21,20.7,14.2,503,27.1,1518,,,,,,,13.4,7.7,1100,3.25,22.78,21,8.6,17.8,16.5,14.3,13.1,14.2,12,11.3,12,14.1,4.4,6.3,11.2,,
108,서울,2025-04-22,17.8,14.2,2358,20.4,1,11.53,2.5,622,8.4,604,34.8,13.4,0,1500,.47,3.12,17.2,10.2,17.5,16.2,14.7,13.7,15.1,12.3,11.5,12.1,14.1,1.1,1.6,23.6,{비}0145-0203. {비}0345-0350. {비}0404-0420. {비}0502-{비}{강도0}0600-{비}{강도0}0900-{비}{강도1}1200-{비}{강도0}1500-1555. {박무}0507-{박무}{강도0}0600-{박무}{강도0}0900-{박무}{강도2}1200-1435.,
108,서울,2025-04-23,16.8,10.9,558,22.9,1410,,,,,,,13.5,12.5,1300,3.31,26.28,18.6,5,17,16.1,15,14.2,15.5,12.9,11.8,12.1,14.1,4.8,6.9,,{햇무리}1250-1515.,
108,서울,2025-04-24,14.7,10.7,2352,19.6,1434,,,,,,,13.5,12.2,1200,3.44,27.27,19.2,3.9,16.8,16,15.5,14.8,15.6,13.2,12.1,12.1,14,5.1,7.3,,{박무}0455-{박무}{강도0}0600-0635. {연무}2105-{연무}{강도0}2400-,
108,서울,2025-04-25,12.5,7.7,555,17.8,1357,,,,,,,13.6,12.5,1200,3.55,27.87,17.2,.3,15.1,14.4,14.7,14.5,15.5,13.4,12.3,12.1,14,5.9,8.5,,-{연무}-0015.,
108,서울,2025-04-26,13.8,7.2,601,20,1351,,,,,,,13.6,12,1200,3.55,27.29,19.1,.8,15.4,14.6,14.4,14.1,15.1,13.6,12.5,12.2,14,5.2,7.4,,,
108,서울,2025-04-27,14.9,10.7,245,19.1,1419,,,,,,,13.6,6.3,1400,2.38,18.58,17.8,3.7,15.5,14.8,14.6,14.4,15.2,13.7,12.6,12.2,14,3.9,5.6,,,
108,서울,2025-04-28,15.1,10.3,636,20.2,1535,,,,,,,13.6,12.5,1200,3.59,27.28,20.3,2.3,16,15.2,14.7,14.2,15.1,13.7,12.8,12.3,14,5.5,7.9,,,
108,서울,2025-04-29,14.8,8.2,538,21,1353,,,,,,,13.7,12.8,1200,3.55,28.09,20.3,.1,15.9,15.2,14.7,14.3,15.2,13.8,12.9,12.3,13.9,6.3,8.9,,,
108,서울,2025-04-30,18.4,10,558,25.8,1419,,,,,,,13.7,12,1100,3.45,27.73,22.8,2.4,16.9,16.1,15.1,14.5,15.3,13.9,13,12.4,13.9,7.1,10.1,,,
108,서울,2025-05-01,14.7,11.3,2355,17.6,744,7.6,2.5,1246,9,1237,21.1,13.8,0,700,.49,2.15,13.3,6.4,15,14.7,15.2,15,15.7,14,13.1,12.4,13.9,1,1.5,21.1,{비}0904-{비}{강도1}1200-{비}{강도0}1500-{이슬비}1510-1640. {박무}1020-{박무}{강도0}1200-{박무}{강도0}1500-{박무}{강도0}1800-{박무}{강도1}2100-{박무}{강도0}2400-,
108,서울,2025-05-02,13.4,8.2,600,18.5,1530,.75,0,,0,,0,13.8,9.1,1200,3.36,24.67,16.8,3.5,14,13.9,13.6,13.6,15.1,14.1,13.2,12.5,13.8,3.9,5.6,7,-{박무}-0010. {비}2108-2113. {비}2140-2220.,
108,서울,2025-05-03,11.2,9.5,708,14,1353,11.55,.6,415,2.2,402,7.3,13.8,1.2,1300,2.53,7.6,11.7,5.4,13.5,13.5,14,14,15.2,14.1,13.4,12.5,13.7,1.5,2.1,.3,{비}0025-{비}{강도0}0300-{비}{강도0}0600-{비}{강도0}0900-1158. {박무}0410-{박무}{강도0}0600-0750. {박무}0850-{박무}{강도0}0900-{박무}{강도0}1200-1210.,
108,서울,2025-05-04,13.7,8.2,417,19.9,1418,,,,,,,13.9,12.8,1300,3.58,28.63,17.2,2.2,14.2,13.8,13.3,13.1,14.8,14.2,13.4,12.6,13.7,5.2,7.5,,,
108,서울,2025-05-05,12.1,9.3,317,15,1350,,,,,,,13.9,.3,900,1.29,7.03,12,3.2,13.1,12.9,13.3,13.3,15,14.2,13.5,12.6,13.6,2,2.9,,,
108,서울,2025-05-06,14.4,8.5,450,19.5,1630,,,,,,,13.9,8.5,1000,2.7,20,15.2,2.7,13.4,13.3,13,12.9,14.7,14.2,13.6,12.7,13.6,3.7,5.2,,,
108,서울,2025-05-07,14.9,9.9,554,21.1,1439,,,,,,,13.9,12.3,1200,3.71,27.9,19.9,4,15.1,15,14,13.5,14.8,14.2,13.6,12.7,13.6,4.7,6.8,,,
108,서울,2025-05-08,17.4,9.7,602,24.9,1543,,,,,,,14,11.2,1200,3.6,26.79,21.8,4.5,16.4,16.2,15.1,14.4,15.3,14.2,13.7,12.8,13.5,4.8,6.9,1.9,{햇무리}1350-1430. {황사}1750-{황사}{강도0}1800-2045.,
108,서울,2025-05-09,15.1,14.1,1330,17.4,8,17.17,1.4,1622,3.6,1439,17.6,14,0,1200,1.02,4.38,14.6,13.1,15.3,15.4,15.4,14.9,15.9,14.3,13.7,12.8,13.5,.8,1.2,21.9,{비}0650-{비}{강도0}0900-{비}{강도0}1200-{비}{강도0}1500-{비}{강도0}1800-{비}{강도0}2100-{비}{강도0}2400- {박무}1235-{박무}{강도0}1500-1735.,
108,서울,2025-05-10,12.3,11.6,831,15.3,110,16.25,.8,249,2.7,-2356,14.1,14,0,1100,.25,2.15,12.9,11.2,13.8,14,14.4,14.4,15.8,14.5,13.8,12.9,13.5,.6,.9,7.9,-{비}-{비}{강도0}0300-{이슬비}0345-{이슬비}{강도0}0600-{비}0820-{비}{강도0}0900-{비}{강도0}1200-{이슬비}1345-1410. {박무}1405-{박무}{강도0}1500-{박무}{강도1}1800-{박무}{강도1}2100-{박무}{강도1}2400- {비}1615-{비}{강도0}1800-1820.,
108,서울,2025-05-11,14.7,11.4,206,20.2,1643,.83,0,,0,,0,14.1,4.7,1200,2.51,16.46,16.4,7.5,15.3,14.8,13.9,13.7,15.3,14.6,13.9,13,13.5,2.9,4.1,,-{박무}-{박무}{강도1}0300-{박무}{강도1}0600-{박무}{강도0}0900-{박무}{강도0}1200-1310. {이슬비}0305-0355. {박무}2235-{박무}{강도0}2400-,
108,서울,2025-05-12,17,9.8,543,23.6,1635,,,,,,,14.1,12.7,1200,3.64,28.93,21,5.6,17,16.2,14.9,14.2,15.6,14.6,14,13,13.4,5.2,7.4,,-{박무}-{박무}{강도0}0300-{박무}{강도1}0600-{박무}{강도0}0900-0915. {연무}0910-1030.,
108,서울,2025-05-13,19.9,13.3,512,25.8,1309,,,,,,,14.1,9,1200,3.48,24.02,20.8,8,18.4,16.6,14.6,13.7,16.2,14.7,14,13.1,13.4,6,8.6,,{채운}0755-0815.,
108,서울,2025-05-14,21,14.1,547,26.7,1437,.5,0,,0,,,14.2,11.7,1200,3.58,26.31,22.9,7.4,19.2,17.8,16,15.1,16.8,14.9,14.1,13.1,13.4,5.1,7.3,1,{비}2310-2340.,
108,서울,2025-05-15,19.5,16.8,922,22.2,1621,9.5,.1,,.4,639,1.1,14.2,.8,1500,1.5,9.9,19.6,14,19.5,18.1,16.2,15.2,17.4,15.1,14.2,13.2,13.4,1.7,2.5,,{비}0120-{비}{강도0}0300-{비}{강도0}0600-{이슬비}0620-{이슬비}{강도0}0900-1050. {박무}0415-{박무}{강도0}0600-{박무}{강도0}0900-1055. {박무}1940-{박무}{강도0}2100-{박무}{강도0}2400-,
108,서울,2025-05-16,19.4,17.8,2339,22,1437,18.58,7.7,1607,14.2,1549,51.3,14.2,0,900,.7,3.75,19.6,16.2,18.8,17.6,16,15.2,17.7,15.4,14.3,13.2,13.4,1.2,1.6,48.5,{이슬비}0250-{이슬비}{강도0}0300-{이슬비}{강도0}0600-{비}0630-0745. -{박무}-{박무}{강도1}0300-{박무}{강도2}0600-{박무}{강도1}0900-{박무}{강도2}1200-{박무}{강도0}1500-1645. {비}0835-{비}{강도0}0900-{시정(미만)}{1km}{비}1029-{시정(이상)}{1km}{비}1036-{비}{강도1}1200-{비}{강도0}1500-1525. {소나기}1540-{소나기}{강도1}1800-{비}1825-{비}{강도0}2100-2230. {박무}1710-{박무}{강도0}1800-1820. {박무}1857-2050.,
108,서울,2025-05-17,18.3,14.7,2351,24.3,1305,6.08,1.1,1811,2.2,1725,2.2,14.3,6,1200,3.2,17.36,20.5,12.5,19.6,18.6,17.2,16.4,18.2,15.9,14.7,13.3,13.4,2.8,4.1,2.2,{비}1640-{비}{강도0}1800-{이슬비}1930-{이슬비}{강도0}2100-2245. {박무}1725-{박무}{강도0}1800-{박무}{강도1}2100-{박무}{강도0}2400-,
108,서울,2025-05-18,15.6,11.4,541,21,1459,,,,,,,14.3,10.5,1200,3.69,27.51,20.4,7.5,18.8,17.7,16.5,15.8,18.3,16.1,14.9,13.5,13.4,5.1,7.2,,-{박무}-0020.,
108,서울,2025-05-19,16.1,10.5,357,20.9,1538,5.08,.3,1950,.8,1945,1.6,14.3,.9,1500,1.87,11.93,16.8,6.1,17.2,16.3,16,15.8,18.2,16.3,15,13.5,13.4,2.3,3.3,2.6,{박무}1810-{박무}{강도1}2100-{박무}{강도2}2400- {이슬비}1855-{이슬비}{강도0}2100-{이슬비}{강도0}2400-,
108,서울,2025-05-20,22.2,17.4,1,27.3,1513,10.17,.2,,.7,-2355,1,14.3,3,1400,2.91,12.96,23.3,17.4,19.8,18.5,16.3,15.5,18,16.4,15.2,13.5,13.4,2.7,3.9,0,-{비}-{비}0115-0245. -{박무}-{박무}{강도0}0300-0505. {이슬비}0930-1140. {비}1820-1845. {비}1905-{비}{강도0}2100-2355.,
108,서울,2025-05-21,25.5,22.3,2345,30.8,1417,,,,,,,14.4,7,1300,3.14,22.19,26.6,18.8,23.3,21.9,18.8,17.2,18.8,16.4,15.3,13.6,13.4,4,5.8,.8,,
108,서울,2025-05-22,23.9,20,734,28.5,1536,2.75,.5,529,.7,456,.8,14.4,6.1,1300,3.34,22.94,26.6,18.1,23.2,22.5,20.6,19.2,19.8,16.7,15.4,13.6,13.4,5,7.2,,{이슬비}0455-{비}0510-{비}{강도0}0600-{이슬비}0655-0740. {박무}0650-0720.,
108,서울,2025-05-23,19.4,15.4,2343,22.2,1,4.67,.4,2126,.8,2115,1.2,14.4,0,1100,1.24,9.19,20,14.3,20.7,20.6,20.7,20,20.5,17.1,15.6,13.6,13.4,2.7,3.8,5.5,{비}1920-{비}{강도0}2100-{비}{강도0}2400-,
108,서울,2025-05-24,15.6,13,537,19.3,1708,5.83,.6,145,2.4,105,4.3,14.4,.3,1300,1.6,10.54,17.3,9.3,18.3,18,18.7,18.7,19.9,17.4,15.7,13.7,13.4,2.4,3.5,,{박무}0035-{박무}{강도0}0300-0310. -{비}-{비}{강도0}0300-0535. {비}0740-0755.,
108,서울,2025-05-25,17.4,11.7,504,22.6,1607,,,,,,,14.5,13.1,1200,3.76,30.47,22.6,7.6,18.7,18,16.9,16.5,19.2,17.6,16,13.7,13.4,5.4,7.8,,,
108,서울,2025-05-26,19.7,13,544,26.2,1505,,,,,,,14.5,12.3,1100,3.27,26.71,24.6,9.2,19.8,19,17.3,16.5,19.3,17.5,16.2,13.8,13.4,4.9,7.1,,{연무}2230-{연무}{강도0}2400-,
108,서울,2025-05-27,20.8,14.7,539,27,1427,,,,,,,14.5,12.3,1200,3.34,27.07,25.7,9.6,21,19.8,17.8,16.9,19.6,17.6,16.2,13.8,13.4,5,7.2,,-{연무}-{연무}{강도0}0300-{연무}{강도0}0600-0635. {박무}0630-0735. {연무}2250-{연무}{강도0}2400-,
108,서울,2025-05-28,20.8,16.3,529,26.9,1528,.68,0,,0,,0,14.5,8.4,1200,3.12,22.39,24.9,11.1,21.5,20.2,18.3,17.3,19.9,17.6,16.3,13.9,13.4,4.8,6.9,0,{비}0915-0956.  {박무}0335-{박무}{강도0}0600-{박무}{강도0}0900-0935.  -{연무}-{연무}{강도0}0300-0340. {연무}0930-1155. ,
108,서울,2025-05-29,21.2,15.3,540,27.3,1557,,,,,,,14.5,11.7,1100,3.34,26.56,25,9.9,21.9,20.5,18.4,17.4,20.1,17.8,16.4,14,13.4,5.2,7.5,,,
108,서울,2025-05-30,22.2,16.7,605,28.3,1535,,,,,,,14.6,12.1,1200,3.3,25.72,27.2,10.5,22.5,21,18.8,17.7,20.4,18,16.5,14,13.4,5.5,7.9,,,
108,서울,2025-05-31,21.5,16.4,528,27,1517,,,,,,,14.6,7.3,1200,2.6,21.39,26.4,10.4,22.3,20.8,19,18,20.6,18.2,16.6,14.1,13.4,4.2,6,,{연무}1730-{연무}{강도0}1800-1850. {연무}2050-{연무}{강도0}2100-2140. {연무}2235-{연무}{강도0}2400-,
108,서울,2025-06-01,22.6,17,550,29.3,1508,,,,,,,14.6,10.9,1200,3.52,27.08,29.8,11.1,23.1,21.5,19,17.8,20.7,18.3,16.8,14.1,13.4,5.2,7.4,0,{박무}0510-{박무}{강도0}0600-0825.  -{연무}-{연무}{강도0}0300-0515. {연무}0820-{연무}{강도0}0900-1130.,
108,서울,2025-06-02,21,19.2,513,23.1,1529,5.67,0,,0,,0,14.6,0,1200,.89,6.3,21.8,14.7,21.6,20.2,19,18.2,21.1,18.5,16.9,14.2,13.4,2.2,3.1,0,{비}0635-0730. {비}0925-{비}{강도0}1200-1410.  {연무}1105-{연무}{강도0}1200-1315. {연무}1750-{연무}{강도0}1800-1905. {연무}2230-{연무}{강도0}2400-,
108,서울,2025-06-03,20.9,17,2358,25.3,1216,,,,,,,14.6,11.9,1100,3.47,27.24,28,10.3,22.6,20.8,18.6,17.6,20.8,18.7,17,14.3,13.4,5.6,8,,{박무}0545-{박무}{강도0}0600-0720.  -{연무}-{연무}{강도0}0300-0550.,
108,서울,2025-06-04,20.5,15.2,512,25.3,1246,,,,,,,14.6,12.1,1200,3.74,29.45,29.2,8.8,22.4,21,19.3,18.4,21,18.8,17.2,14.3,13.4,6.5,9.2,,,
108,서울,2025-06-05,21.7,15.6,605,27.1,1432,,,,,,,14.7,12.5,1200,3.63,28.99,28.6,8,23.2,21.4,19,17.9,21.1,18.9,17.4,14.4,13.5,6.3,9,,,
108,서울,2025-06-06,24.1,17.7,531,30,1347,,,,,,,14.7,12,1200,3.61,29.48,32.3,11.4,24.5,22.2,19.5,18.2,21.4,19.1,17.5,14.5,13.5,7.6,10.9,,,
108,서울,2025-06-07,23.7,19.8,507,28.2,1600,1.43,.1,,.6,2320,.1,14.7,4.6,1400,2.62,17.51,30,12.6,24.2,22.9,21.6,20.6,21.8,19.2,17.6,14.5,13.5,3.6,5.1,.7,{비}1133-1139. {비}2130-2220. {비}2330-{비}{강도0}2400- {박무}2135-{박무}{강도0}2400-,
108,서울,2025-06-08,25.1,21.4,520,30.4,1355,2.42,.6,10,.6,1,.6,14.7,7.4,1100,3.45,21.59,29.5,17.6,25.2,24.2,22.2,21,22,19.4,17.7,14.6,13.5,4.6,6.6,0,-{비}-0050. {비}0140-0215. {이슬비}0250-{이슬비}{강도0}0300-0350.  -{박무}-{박무}{강도0}0300-{박무}{강도0}0600-0740.,
108,서울,2025-06-09,24.2,20.6,534,30.2,1513,.42,0,,0,,0,14.7,9.6,1200,3.59,25.91,32.5,16.4,26.3,25,22.8,21.4,22.5,19.6,17.9,14.7,13.5,5.5,7.9,0,{비}0315-0340.  {박무}0050-0255. {박무}2345-{박무}{강도0}2400- {햇무리}1250-1340.,
108,서울,2025-06-10,21.7,18.8,2357,25.3,1659,.08,0,,0,,0,14.7,4.1,1600,1.88,14.46,26.4,11.7,24.5,23.6,22.8,21.9,22.9,19.9,18,14.8,13.5,3.2,4.6,,{비}0250-0255.  -{박무}-0045.,
108,서울,2025-06-11,22.7,15.9,526,28.5,1418,,,,,,,14.7,13.5,1200,3.66,31.05,32.9,9.1,24.8,23.4,21.7,20.8,22.6,20.1,18.2,14.8,13.5,6.9,9.8,,,
108,서울,2025-06-12,25.5,17.9,537,33.1,1616,,,,,,,14.7,12.4,1200,3.71,30.36,35.6,11.7,26.2,25,22.8,21.6,22.8,20.2,18.4,14.9,13.6,6.7,9.6,,,
108,서울,2025-06-13,24,20.1,2224,29.4,1234,5.08,.9,2116,1.5,2038,1.5,14.7,3.8,1000,2.39,15.62,28.2,14.8,25.2,24.5,23.1,22,22.3,20.4,18.5,15,13.6,3.5,5,1.5,{비}1710-{비}{강도0}1800-{비}{강도0}2100-2215.  {햇무리}0855-1310.,
108,서울,2025-06-14,25.6,20.3,1,32.1,1647,,,,,,,14.8,5.9,1200,3.28,21.02,28.5,17.7,24.7,24.7,23.1,22.1,23.2,20.6,18.7,15,13.6,4.8,6.9,,,
108,서울,2025-06-15,26.3,21.7,607,33.2,1410,5.08,3.1,2222,7.9,2147,11.8,14.8,7.8,1300,3.19,22.08,34.6,16.7,25.6,25.1,22.2,20.8,23.5,20.7,18.8,15.1,13.6,4.3,6.2,18.7,{비}1725-{비}{강도0}1800-1850. {비}2020-{비}{강도0}2100-{비}{강도0}2400-,
108,서울,2025-06-16,23,21.8,2351,25.1,1245,10.5,9.5,1329,13.1,1310,20,14.8,.1,1400,.9,5.19,22.4,20.3,21.3,23.2,22.2,21.4,23.8,20.9,18.9,15.2,13.6,1.6,2.2,13.1,-{비}-{비}{강도0}0300-{비}{강도0}0600-{이슬비}0650-{이슬비}{강도0}0900-0930. {비}1310-1410.  {박무}0405-{박무}{강도1}0600-{박무}{강도1}0900-{박무}{강도0}1200-1240. {박무}1330-{박무}{강도0}1500-{박무}{강도0}1800-{박무}{강도0}2100-2210. ,
108,서울,2025-06-17,24.8,21.1,510,29.6,1526,,,,,,,14.8,8.6,1100,3.06,22.97,25.2,18.2,24.3,23.4,21.1,20,23.5,21.1,19.1,15.3,13.7,4.6,6.5,,{박무}2320-{박무}{강도0}2400-,
108,서울,2025-06-18,25.5,21.2,536,30.9,1508,,,,,,,14.8,10.3,1200,3.49,26.88,28.7,17.9,25.1,24.5,22.1,20.8,23.9,21.2,19.2,15.3,13.7,5.6,8,,-{박무}-{박무}{강도0}0300-{박무}{강도1}0600-{박무}{강도0}0900-0950.  {연무}0945-1105. ,
108,서울,2025-06-19,28.1,21.1,549,34.2,1426,.92,.6,2126,.8,2111,.8,14.8,8.8,1200,3.41,23.77,31.7,16.2,25.8,24.9,22.2,20.7,24.3,21.3,19.4,15.4,13.7,5,7.1,23.7,{비}2010-2025. {비}2111-2151.,
108,서울,2025-06-20,24.1,22.2,2318,28.3,1,23.67,2.6,1411,8,501,51.1,14.8,0,1200,.53,2.92,23.8,21.6,23.2,23.3,21.4,20.2,24.7,21.5,19.5,15.5,13.7,.9,1.2,28.4,{비}0020-{비}{강도0}0300-{비}{강도1}0600-{비}{강도0}0900-{비}{강도0}1200-{비}{강도1}1500-{비}{강도1}1800-{비}{강도0}2100-{비}{강도0}2400- {박무}0455-{박무}{강도0}0600-0705. {박무}1530-{박무}{강도0}1800-1805. {박무}2005-{박무}{강도0}2100-{박무}{강도1}2400-,
108,서울,2025-06-21,22,20.5,2354,24.2,1643,8.17,.2,,.5,-2331,.2,14.8,0,1500,.98,7,22.8,18.3,22.3,22,20.1,19.3,24.5,21.8,19.7,15.6,13.7,1.8,2.6,0,-{비}-{이슬비}0130-{이슬비}{강도0}0300-0350. {이슬비}0445-{이슬비}{강도0}0600-0645. {비}1320-{비}{강도0}1500-1540.  -{박무}-{박무}{강도0}0300-{박무}{강도2}0600-{박무}{강도0}0900-1050. {박무}1910-{박무}{강도0}2100-2320.,
108,서울,2025-06-22,23.3,18.1,536,28.6,1515,,,,,,,14.8,13.4,1200,3.6,30.56,26.2,14.3,23.8,23.6,21.9,21,24,21.9,19.8,15.7,13.8,5.7,8.2,,{박무}0140-{박무}{강도0}0300-{박무}{강도0}0600-0655.,
108,서울,2025-06-23,26.1,19.4,534,31.7,1620,,,,,,,14.8,12.8,1200,3.44,27.7,28.5,16.2,24.8,24.6,22.9,22.3,24.1,21.9,20,15.7,13.8,5.5,7.9,,{박무}0045-0220. {박무}0310-{박무}{강도0}0600-0745.,
108,서울,2025-06-24,25,20.5,2332,28,1244,4.08,.9,2132,2.1,2116,2.3,14.8,.2,1200,1.75,10.18,23.8,19.4,24.3,24.2,23.5,22.7,24.5,22,20.1,15.8,13.8,2.9,4.2,4.7,{비}1905-{비}{강도0}2100-2310.,
108,서울,2025-06-25,20.9,19.5,327,22.1,1407,18.08,1,1831,2.8,1818,8,14.8,0,1200,.96,5.11,21.5,18.7,21.5,22.3,22.3,22.1,24.2,22.1,20.2,15.9,13.8,1.2,1.6,6.7,{비}0115-{비}{강도0}0300-0505. {비}0640-{비}{강도0}0900-{비}{강도0}1200-{비}{강도0}1500-{비}{강도0}1800-2055.  {박무}0755-0815. {박무}0935-1125. {박무}1445-{박무}{강도0}1500-1610. {박무}1755-{박무}{강도0}1800-2045. {박무}2350-{박무}{강도0}2400-,
108,서울,2025-06-26,22.2,19.9,449,24.2,1734,3.5,.3,356,1,319,1.1,14.8,.1,1000,1.15,7.23,22.7,18.9,21.2,21.7,20.1,19.5,23.8,22.2,20.4,16,13.9,1.4,2,0,{이슬비}0105-0140. {이슬비}0305-0550. {비}1535-1545.  -{박무}-{박무}{강도0}0300-{박무}{강도0}0600-0620. {박무}1205-1320.,
108,서울,2025-06-27,25,21.1,440,29.3,1620,1.97,0,,0,,0,14.8,3.1,1400,2.54,12.92,25.2,19,21.9,22.7,21.2,20.5,23.5,22.1,20.4,16,13.9,2.5,3.5,.6,{비}0310-0315. {비}0855-{비}{강도0}0900-1010. {비}1102-1125. {비}1315-1330.  {박무}0550-{박무}{강도0}0600-0630. {박무}0925-{박무}{강도0}1200-1320.,
108,서울,2025-06-28,26.2,24.5,555,28.1,1514,5.83,.2,,.5,616,.6,14.8,0,1500,1.09,7.13,24.4,22.5,20.6,23.2,20.8,19.6,23.8,22.1,20.6,16.1,13.9,1.7,2.4,0,{비}0155-{비}{강도0}0300-0305. {비}0425-{비}{강도0}0600-0740. {비}0810-0830. {비}0925-0955. {비}1310-1345.  {박무}0505-{박무}{강도0}0600-{박무}{강도0}0900-{박무}{강도0}1200-{박무}{강도0}1500-{박무}{강도0}1800-1905. {박무}2005-{박무}{강도0}2100-2115.,
108,서울,2025-06-29,27.1,24.9,654,30.2,1659,1,0,,0,,0,14.7,2.5,1400,1.91,12.41,25.3,21.4,21.5,24.1,21.4,20,24.2,22.2,20.6,16.2,13.9,2.8,4,0,{이슬비}0420-0455. {비}0910-0935.  {박무}0025-{박무}{강도0}0300-0415.,
108,서울,2025-06-30,28.2,25.6,516,31.2,1354,,,,,,,14.7,2.8,1300,2.54,15.61,26.4,21.5,23,24.8,21.9,20.5,24.5,22.2,20.7,16.3,14,3.5,5,.9,,
108,서울,2025-07-01,28.6,26.2,729,31.8,1336,3.67,.9,700,.9,610,.9,14.7,3.8,1300,2.83,17.38,27.8,25.2,25.8,25.8,22.7,21.1,24.9,22.3,20.7,16.3,14,3.8,5.5,0,{비}0450-{비}{강도0}0600-0810. {비}0915-0925. {비}1035-1045.,
108,서울,2025-07-02,28.6,26.8,520,30.9,1247,.33,0,,0,,0,14.7,2.3,1200,2,14.4,28.3,25.2,26.6,25.9,23.2,21.6,25.5,22.5,20.8,16.4,14,3.2,4.6,0,{비}1415-1435.,
108,서울,2025-07-03,28.3,26.5,2357,32,1523,.08,0,,0,,0,14.7,2.7,1400,2.6,13.6,29.3,23.9,25.8,25.9,23.4,21.8,25.7,22.7,20.8,16.5,14,3.4,4.9,0,{비}1133-1138.,
108,서울,2025-07-04,27.2,25.7,453,30,1436,1.75,0,,0,,0,14.7,.8,1400,2.14,7.72,27.8,23.4,25.9,25.3,23.2,22,25.8,22.9,20.9,16.6,14.1,2.3,3.3,0,{비}1050-{비}{강도0}1200-1220. {비}1555-1610.,
108,서울,2025-07-05,28.4,26,459,32.3,1501,,,,,,,14.7,3,1400,2.69,14.77,29.8,24.4,25.1,25.8,23.7,22.6,25.7,23,21.1,16.6,14.1,3.4,4.9,,,
108,서울,2025-07-06,29.1,26.3,727,32.8,1408,,,,,,,14.7,1.7,1200,2.67,14.7,29,23.8,25.3,26.5,24.6,23.4,25.8,23.1,21.2,16.7,14.1,3.4,4.8,,,
108,서울,2025-07-07,29.1,26.7,545,33.2,1623,,,,,,,14.6,2.5,1300,2.07,11.21,29,25.1,25.3,26,23,21.5,26.1,23.3,21.3,16.8,14.2,3,4.3,,{박무}0520-{박무}{강도0}0600-{박무}{강도0}0900-{박무}{강도0}1200-1345. {박무}1950-{박무}{강도0}2100-{박무}{강도0}2400- {연무}1340-{연무}{강도0}1500-{연무}{강도0}1800-1955.,
108,서울,2025-07-08,31.3,26.9,612,37.8,1509,3,5.3,1826,6.4,1815,11.8,14.6,8.4,1100,3.24,22.64,33.8,23.9,26.8,26.9,24.1,22.5,26.2,23.4,21.4,16.8,14.2,5,7.2,11.8,{소나기}1815-{소나기}{강도0}2100-2115.  -{박무}-{박무}{강도0}0300-{박무}{강도0}0600-0645. ,
108,서울,2025-07-09,31.9,27.4,530,36,1629,,,,,,,14.6,8,1300,3.22,23.55,31.1,24.5,27.3,27.2,24.3,22.7,26.7,23.6,21.5,16.9,14.2,5.8,8.3,,,
108,서울,2025-07-10,31.4,27.3,554,36.2,1553,,,,,,,14.6,13.3,1200,3.55,29.95,32.9,23,27.9,27.8,25.5,24,27.1,23.8,21.7,17,14.2,8.7,12.5,,,
108,서울,2025-07-11,30.2,24.6,559,36.1,1658,,,,,,,14.6,13.5,1200,3.59,30.35,35.1,20,28.4,28.2,27,26,27.2,24,21.8,17.1,14.3,7.8,11.2,,,
108,서울,2025-07-12,30.3,24.4,554,36.5,1617,,,,,,,14.6,13.2,1200,3.65,30.02,36.9,18.4,28.3,28.3,26.6,25.4,27.2,24.2,22,17.1,14.3,7.2,10.4,,,
108,서울,2025-07-13,27.7,25.6,2346,31,1241,2.5,0,,0,,0,14.6,1.7,1000,1.64,10.39,28.5,20.9,27.5,27.1,26.4,25.4,27.3,24.4,22.1,17.2,14.3,2.5,3.5,0,{비}1130-1155. {비}1315-{비}{강도0}1500-1520.,
108,서울,2025-07-14,24.2,21.7,2343,28.1,1129,12.25,.9,1522,4,2104,13.6,14.5,.5,1000,1.37,7.19,24.6,19.8,25.2,25.2,25,24.6,26.9,24.5,22.3,17.3,14.4,1.6,2.3,16.6,{비}1145-{비}{강도0}1200-{비}{강도0}1500-{비}{강도0}1800-{비}{강도0}2100-{비}{강도0}2400- {박무}1925-2010. {박무}2110-2235.,
108,서울,2025-07-15,23.6,21.5,200,25.9,1516,11.17,.6,39,1.3,11,4,14.5,.6,1400,2.04,10.03,24.7,20.1,22.7,23.9,23.6,23.4,26.2,24.5,22.4,17.3,14.4,2,2.9,2,-{비}-{비}{강도0}0300-0335. {비}0405-0425. {비}0625-0815. {비}1025-{비}{강도0}1200-1420. {비}1615-1630. {소나기}1705-1745. {소나기}2205-2240.,
108,서울,2025-07-16,23.3,22.2,2111,24.8,820,16.33,8,2032,27,2025,73.1,14.5,0,800,.39,2.34,22.7,21.3,23,23.3,23.4,23.2,25.9,24.4,22.5,17.4,14.4,.7,.9,124.8,{비}0435-0530. {비}0730-{비}{강도0}0900-1155. {비}1220-1230. {비}1310-{비}{강도0}1500-{비}{강도0}1800-{비}{강도2}2100-{비}{강도0}2400-,
108,서울,2025-07-17,23.3,22,1000,24.4,1525,18.58,19,629,32.5,626,75.5,14.5,0,1100,1.45,4.77,22.6,21.2,21.6,21.1,19.4,18.9,24.9,24.7,23.2,17.5,14.5,1.1,1.5,34.3,-{비}-{비}{강도0}0300-{비}{강도1}0600-{시정(미만)}{1km}{비}0635-{시정(이상)}{1km}{비}0652-{비}{강도0}0900-1055. {비}1220-1230. {비}1345-1425. {비}1615-{비}{강도0}1800-{비}{강도0}2100-2305. ,
108,서울,2025-07-18,24.7,22.9,903,27.2,1820,11,4.7,833,9.5,812,16.1,14.5,.3,1500,1.23,7.44,23.6,22.2,21.8,22.3,20.2,19.4,24.4,24.5,24,19.9,14.5,1.5,2.1,71.3,{비}0005-0040. {비}0250-{비}{강도0}0300-0330. {비}0440-{비}{강도0}0600-0635. {비}0810-{비}{강도1}0900-{비}{강도0}1200-1435. {비}1620-1630. {비}1855-1955. {비}2130-2145.,
108,서울,2025-07-19,23.9,21.9,405,25.8,1719,23.17,10.4,316,32.1,247,84,14.4,0,1500,.46,3.79,22.9,20.6,21.4,21.4,18.9,18.3,24.7,24.2,24.5,21,15.6,.9,1.3,32.1,{비}0005-{비}{강도2}0300-{비}{강도1}0600-{비}{강도0}0900-{비}{강도0}1200-{이슬비}1320-1420. {비}1505-{비}{강도0}1800-{비}{강도0}2100-{비}{강도1}2400- {박무}0750-{박무}{강도0}0900-0935. ,
108,서울,2025-07-20,27.7,25,543,31.3,1643,6.92,3.3,44,7.2,9,14.8,14.4,5.7,1000,2.28,16.69,27.2,23.5,23.7,24.9,22.7,22.1,24.6,24,24.3,21.7,16,3.3,4.7,0,-{비}-{비}{강도0}0300-{비}{강도0}0600-0655.,
108,서울,2025-07-21,28.5,25.6,414,31.6,1455,1,0,,0,,0,14.4,5.8,1100,3.23,18.81,26.5,20.1,22.3,25.6,22.6,21.5,25.4,24,24.1,21.3,16.3,4.1,5.9,0,{비}0620-0655. {비}0740-0750. {소나기}1005-1020.,
108,서울,2025-07-22,28.8,26.6,527,32.2,1431,.58,.1,,.1,,.1,14.4,6.6,1300,3.46,20.43,29.5,23.7,24.3,26.3,23.2,22.1,26.1,24,23.9,20.5,16.4,4.4,6.3,.1,{소나기}1650-1725.,
108,서울,2025-07-23,28.9,25.5,540,33.3,1418,,,,,,,14.3,7.9,1100,3.54,22.14,29.9,22.9,27.5,26.4,23,21.7,26.5,24.2,23.8,20,16.4,4.7,6.8,,,
108,서울,2025-07-24,29.8,25.8,533,34.1,1350,,,,,,,14.3,9.2,1200,3.82,24.91,30.7,22.9,28.2,27.4,25,24,26.9,24.3,23.7,19.8,16.3,5.5,7.9,,,
108,서울,2025-07-25,31.1,25.6,546,36.3,1531,,,,,,,14.3,12.4,1200,3.23,26.48,33.8,21.7,29.2,28.6,27,26.3,27.3,24.5,23.7,19.6,16.3,6,8.5,,,
108,서울,2025-07-26,32.3,27.6,551,37.1,1701,,,,,,,14.3,11,1100,3.27,24.32,34.2,24.3,29.8,29.2,27.4,26.6,27.6,24.7,23.8,19.5,16.3,5.4,7.7,,,
108,서울,2025-07-27,32.8,28.3,550,38,1535,,,,,,,14.2,12.5,1200,3.51,28.42,38.2,24.4,30.8,30.1,28.3,27.4,28,24.9,23.8,19.4,16.3,6.3,8.9,,,
108,서울,2025-07-28,32.2,28.8,555,36.4,1529,,,,,,,14.2,11.9,1300,3.55,27,38.8,25.2,31.4,30.7,28.9,28,28.4,25.1,23.9,19.4,16.3,6.2,8.8,,,
108,서울,2025-07-29,32,27.6,548,36.7,1428,,,,,,,14.2,8.9,1200,2.94,20.41,36.4,24,30.9,30.3,28.9,28.2,28.7,25.4,24,19.4,16.3,4.7,6.8,,,
108,서울,2025-07-30,32.1,28.3,512,36.3,1447,,,,,,,14.2,5.6,1300,2.54,19.51,36.9,24.3,30.8,30.1,28.8,28.1,28.7,25.6,24.1,19.4,16.3,4.4,6.3,,,
108,서울,2025-07-31,30.9,29.3,610,34.6,1432,,,,,,,14.1,1.1,1300,1.95,13.17,32.4,25.3,29.9,29.6,28.6,28.1,28.7,25.7,24.3,19.4,16.4,3.6,5.2,,,
108,서울,2025-08-01,31,27.8,538,35.1,1213,.25,0,,0,,0,14.1,4.5,1100,2.8,16.09,33.6,24.7,29.8,29.4,28.3,27.8,28.6,25.9,24.4,19.4,16.4,3.8,5.4,0,{비}1535-1550.,
108,서울,2025-08-02,31.2,27.3,605,36.2,1600,,,,,,,14.1,8.7,1400,2.73,20.88,36.6,23.9,30.4,29.6,28.3,27.8,28.6,26,24.6,19.4,16.4,4.8,6.9,,,
108,서울,2025-08-03,28.8,24,2359,32.5,1348,7.25,.6,2353,1.4,2328,1.3,14,.2,1000,1.56,8.08,30,22.7,28.8,28.6,28.1,27.8,28.6,26.1,24.7,19.5,16.5,2.4,3.5,3.2,{비}1645-{비}{강도0}1800-{비}{강도0}2100-{비}{강도0}2400- {무지개}1920-1930.,
108,서울,2025-08-04,28.1,23.7,522,33.9,1647,5.92,.4,18,.9,427,1.9,14,3.9,1200,2.07,16.35,29.6,22.7,27.4,27.8,27.3,27.2,28.2,26.1,24.7,19.5,16.5,3.8,5.4,,-{비}-{비}{강도0}0300-0555.,
108,서울,2025-08-05,29.1,25.4,558,33.5,1505,,,,,,,14,8.5,1200,2.96,23.11,34.4,21.8,28.7,28.6,27.5,27.2,28.2,26.1,24.8,19.6,16.5,4.8,6.8,6.1,,
108,서울,2025-08-06,27.1,25.8,2028,29.3,1058,10.5,4.3,1405,9.6,1323,22,13.9,1.1,1000,1.27,5.57,26.4,24,26.8,27.5,27.4,27.3,28.3,26.1,24.9,19.7,16.6,1.7,2.4,15.9,{비}0230-{비}{강도0}0300-0530. {비}0805-{비}{강도0}0900-0935. {비}1140-{비}{강도0}1200-{비}{강도1}1500-1740.,
108,서울,2025-08-07,28.2,25.4,602,32.3,1541,,,,,,,13.9,10.2,1200,3.5,27.18,30.1,22.9,27.8,27.8,26.8,26.6,27.9,26.1,25,19.7,16.7,5.5,7.8,,,
108,서울,2025-08-08,26.6,23.9,615,30.2,1404,1.75,5,1513,6.3,1446,6.3,13.9,1.7,1200,1.41,8.76,26,20.8,26.6,27,26.9,26.9,28.1,26.1,25,19.8,16.6,1.9,2.8,7,{소나기}1435-{소나기}{강도0}1500-1620.,
108,서울,2025-08-09,24.9,23.1,2356,26.4,1738,5.92,1.2,1128,2.8,1115,3.5,13.8,.3,1700,.69,5.37,25,20,25.2,25.8,26,26.2,27.7,26.1,25.1,19.8,16.7,1.6,2.3,2.8,{비}0405-{비}{강도0}0600-0635. {박무}0455-{박무}{강도0}0600-0625. {비}0745-0845. {비}0910-0930. {비}1045-{비}{강도0}1200-1250.,
108,서울,2025-08-10,27.3,21,538,33.2,1559,,,,,,,13.8,12.3,1200,3.37,27.22,28.5,18.2,26.2,26.2,25.5,25.6,27.1,26,25.1,19.9,16.7,5.3,7.6,,,
108,서울,2025-08-11,27,25,543,29.5,1415,.25,0,,0,,0,13.8,.3,1400,1.14,9.84,26.3,21.7,26.3,26.6,26.2,26.2,27.3,25.9,25.1,19.9,16.7,2.6,3.7,0,{소나기}2020-2035.,
108,서울,2025-08-12,28.6,23.3,559,34.1,1602,,,,,,,13.7,12,1200,3.34,26.6,29.6,20.1,27.3,26.9,25.8,25.6,27.2,25.8,25.1,20,16.8,5.7,8.1,58.3,{박무}0155-{박무}{강도0}0300-{박무}{강도0}0600-0730.,
108,서울,2025-08-13,25.1,22,1053,27.1,1719,15.67,16.5,1153,32.7,538,126.7,13.7,0,1300,.6,1.92,24.4,21.1,24.3,24.7,25,25.5,27.4,25.8,25,20.1,16.8,.7,.9,115.9,{비}0145-0155. {비}0445-{비}{강도2}0600-{비}{강도1}0900-{비}{강도2}1200-{비}{강도0}1500-{비}{강도1}1800-1925. {비}2135-2225.,
108,서울,2025-08-14,25.5,24.2,736,26.9,1649,12.48,12.3,723,24.6,705,47.8,13.7,0,1200,1.12,6.29,25,23.3,24.3,24.5,24.1,24.3,25.8,26.1,26.1,21.6,16.8,1.5,2.1,.3,{비}0001-{비}{강도1}0300-{비}{강도0}0600-{비}{강도0}0900-1155. {비}1445-{비}{강도0}1500-1520.,
108,서울,2025-08-15,27.1,24.4,505,30.9,1557,3.17,0,,0,,0,13.6,4.9,1400,2.83,14.89,28,22.3,25.5,25.1,23.4,22.9,26,25.8,26.1,23.1,17,2.7,3.9,0,{박무}0145-{박무}{강도0}0300-{박무}{강도0}0600-0805. {소나기}1055-{소나기}{강도0}1200-1405.,
108,서울,2025-08-16,28.2,25.5,429,32.2,1434,,,,,,,13.6,6.9,1300,2.99,19.22,27.9,22.4,26.7,26.2,24.2,23.5,26.6,25.8,25.9,22.4,17.2,4.1,5.8,,,
108,서울,2025-08-17,28.4,26.1,355,32,1358,,,,,,,13.5,1.8,1100,2.8,16.43,27.7,23.5,27.2,26.4,24.2,23.5,27,25.6,25.6,21.9,17.3,3.5,5,.2,,
108,서울,2025-08-18,28.9,27,548,32.9,1453,7.42,.4,2122,1.3,2122,2.2,13.5,5.4,1300,3.24,19.92,29,24.9,27.8,26.7,24.2,23.3,27.3,25.7,25.5,21.6,17.3,4.7,6.7,,{비}0152-{비}{강도0}0300-0342. {비}0430-0455. {비}1840-{비}{강도0}2100-2350.,
108,서울,2025-08-19,29.1,26.9,525,32.3,1444,,,,,,,13.5,6.2,1200,2.64,19.48,29,24.9,27.8,27.3,25.5,24.9,27.6,25.8,25.4,21.4,17.3,4.4,6.3,0,,
108,서울,2025-08-20,29.4,26.9,602,32.8,1434,.75,0,,0,,0,13.5,5.2,1400,2.57,18.14,29.7,24.7,28.4,26.8,23.8,22.8,27.9,25.9,25.4,21.4,17.4,3.9,5.6,,{소나기}0115-0135. {소나기}0515-0540.,
108,서울,2025-08-21,29.8,27.4,519,34.3,1402,,,,,,,13.4,7.5,1200,3.42,21.66,30.9,24.2,29.2,27.7,25,23.9,28.1,26,25.4,21.3,17.4,4.6,6.6,,,
108,서울,2025-08-22,29.4,26.1,539,33.5,1519,,,,,,,13.4,9.5,1100,2.96,22.41,31.6,22.9,28.9,28.1,26.6,26,28.3,26.1,25.4,21.2,17.4,5,7.1,,,
108,서울,2025-08-23,29.3,27.4,456,32.2,1624,,,,,,,13.3,3.6,1100,1.89,11.71,30,24.6,28.6,27.9,26.4,25.8,28.4,26.2,25.5,21.2,17.5,2.6,3.7,,,
108,서울,2025-08-24,30.2,26.9,451,34.7,1451,,,,,,,13.3,6.3,1100,3.04,18.39,31.8,23.7,29.1,28.4,27,26.5,28.3,26.3,25.5,21.2,17.5,4.2,6,0,,
108,서울,2025-08-25,28.7,26.3,940,32.2,1649,6.93,10.8,936,14.2,923,17.1,13.3,2,1300,2.38,10.8,28.3,23.8,28,27.8,26.5,26.1,28.4,26.4,25.6,21.2,17.6,2.4,3.5,22.5,{비}0845-{비}{강도0}0900-{비}{강도0}1200-1205. {비}1315-1330. {비}1440-1455. {비}1605-1635. {소나기}1710-1725. {소나기}1750-{소나기}{강도0}1800-1820. {소나기}1904-1940. {소나기}2155-2210. {비}2255-2355.,
108,서울,2025-08-26,27.6,25.5,609,31.8,1543,8.75,1.2,421,2.5,417,5.4,13.2,5.6,1400,2.76,15,28.5,22.8,27.4,27.4,26.4,26.3,28.3,26.4,25.6,21.2,17.6,3.4,4.8,0,{비}0010-0050. {비}0125-0150. {비}0215-{비}{강도0}0300-{비}{강도0}0600-{이슬비}0745-{이슬비}{강도0}0900-0930. {박무}0650-{박무}{강도0}0900-0940. {비}1045-1110.,
108,서울,2025-08-27,26.7,23.6,617,30.8,1541,,,,,,,13.2,2.6,1300,1.94,9.76,26.3,21.2,26.5,25.5,23.6,23.1,28.3,26.6,25.8,21.2,17.6,2.4,3.5,,,
108,서울,2025-08-28,28.3,24.7,617,31,1350,,,,,,,13.1,3,1000,2.32,14.35,27.5,22.2,26.8,26.1,24.2,23.8,27.8,26.6,25.8,21.3,17.7,3.4,4.9,.3,,
108,서울,2025-08-29,29,27.3,543,32.8,1350,6.82,11.5,1639,12.5,2045,32.2,13.1,4.3,1200,2.99,17.8,29.2,25.3,28,,,,27.9,26.5,25.9,21.3,17.8,3.6,5.2,55.8,{비}0425-{비}{강도0}0600-0620. {비}0715-0755. {소나기}1607-1657. {소나기}1950-1959. {소나기}2045-{소나기}{강도0}2100-{소나기}{강도1}2400-,
108,서울,2025-08-30,28.4,25.8,832,31.8,1604,6.92,8.6,511,10.7,428,23.9,13.1,5.8,1200,2.89,16.69,27.6,23.8,27.5,27.9,27.2,27.1,28.2,26.4,25.8,21.3,17.7,3.6,5.1,0,-{소나기}-{소나기}{강도1}0300-0550. {소나기}0655-0720. {소나기}0840-{소나기}{강도0}0900-0920.,
108,서울,2025-08-31,28.5,25.1,549,31.8,1438,.08,0,,0,,0,13,5.9,900,2.2,15.74,28.1,22.9,27.5,27.8,27.2,27.1,28.3,26.7,25.9,21.4,17.9,3.4,4.9,13.9,{비}2352-2357.,
108,서울,2025-09-01,26.1,24.4,2357,28.2,1329,7.75,5.3,443,8.5,416,20.4,13,.6,1200,1.26,7.47,26.5,22.4,26.7,27.2,26.9,26.8,28.2,26.6,26,21.5,17.9,1.7,2.4,6.5,{비}0145-0155. {비}0410-{비}{강도1}0600-0650. {비}0715-0740. {비}0805-{비}{강도0}0900-0930. {비}1240-1430. {비}1540-1550. {비}1725-{비}{강도1}1800-1830.,
108,서울,2025-09-02,26,22,643,30.6,1651,,,,,,,13,9.1,1100,2.83,20.32,26,19.5,26.2,26.6,26.3,26.3,27.9,26.7,25.9,21.6,18,3.9,5.5,,,
108,서울,2025-09-03,27.6,22.6,608,32.1,1538,,,,,,,12.9,9.5,1100,3.14,21.38,26.8,19.8,26.4,26.7,26.4,26.2,27.7,26.7,26.1,21.8,17.9,4.1,5.8,43.1,,
108,서울,2025-09-04,25.8,22.8,626,29.8,1551,9.92,11.5,334,34.4,249,44.2,12.9,3.1,1300,2.81,13.76,25.9,22,25.9,26.3,26,26.2,27.7,26.7,26.2,21.8,18.1,3.2,4.5,1.1,{비}0050-{비}{강도1}0300-{비}{강도0}0600-{비}{강도0}0900-1045.,
108,서울,2025-09-05,27.9,23.5,556,33,1520,,,,,,,12.8,7.9,1300,3.07,20.45,28.1,20.8,26.7,26.8,26.2,26.2,27.5,26.6,26.4,22.8,18.1,4,5.7,8,,
108,서울,2025-09-06,26.8,25.4,1941,30.4,1518,9.07,8.9,1651,14.9,1636,36.1,12.8,1.2,1100,1.89,8.94,26.7,23.4,26.3,26.8,26.5,26.4,27.7,26.5,26.2,22.6,18.1,2,2.9,28.3,{비}0350-0410. {비}0450-0520. {비}0640-0715. {비}0745-{비}{강도1}0900-0940. {박무}0855-{박무}{강도1}0900-0945. {비}0955-1110. {비}1220-1245. {비}1410-1420. {비}1555-1559. {비}1625-1750. {비}1854-1859. {비}1930-2040. {비}2250-{비}{강도0}2400-,
108,서울,2025-09-07,25.3,22.3,2353,28.3,1310,1.07,.2,,.5,-2331,.2,12.8,1.7,1100,2,12.58,25.9,17.8,26,26.4,26.2,26.4,27.6,26.4,26.5,23,18.5,2.6,3.7,,-{비}-0050. {비}0245-0259. {달코로나}2350-,
108,서울,2025-09-08,24.4,20.6,623,29.5,1454,3.75,0,,0,,0,12.7,3.9,1300,2.94,16.17,25.8,17.5,25.2,25.3,25.4,25.8,27.4,26.6,26.5,22.9,18.7,3.4,4.8,0,-{달코로나}-0020. {비}2015-{비}{강도0}2100-{비}{강도0}2400-,
108,서울,2025-09-09,23.7,21.4,2356,26.9,1615,5.5,0,,0,,0,12.7,1,1000,1.35,9.73,23.6,16.6,24.8,25.1,25.2,25.5,27.2,26.4,26.5,22.7,18.6,2.3,3.4,,-{비}-{비}{강도0}0300-0530.,
108,서울,2025-09-10,24.8,18.4,642,31.5,1615,,,,,,,12.6,11.9,1200,3.31,24.56,25,14,24,24.3,24.6,25,26.9,26.5,26.3,22.5,18.9,5.5,7.9,,,
108,서울,2025-09-11,25.8,19.9,539,31.7,1604,,,,,,,12.6,11.8,1200,3.25,24.11,25.4,14.8,24,24.4,24.5,24.8,26.5,26.2,26.3,22.4,18.9,6,8.5,,,
108,서울,2025-09-12,23.9,21.1,2400,26.3,1232,7.33,.7,2048,2.7,2329,6.8,12.6,.3,900,1.34,7.7,23.7,19,23.8,24.3,24.5,24.8,26.4,26.1,26,22.3,19,1.9,2.8,70.5,{비}1640-{비}{강도0}1800-{비}{강도0}2100-{비}{강도0}2400-,
108,서울,2025-09-13,23.3,20.4,205,27.6,1608,8.58,6,153,22.5,137,63.7,12.5,,,,,23.2,19.3,22.5,22.9,23.1,23.6,25.6,26,26.1,22.3,18.9,,,0,-{비}-{비}{강도2}0300-{비}{강도0}0600-0820. {비}0925-0940.,
108,서울,2025-09-14,24.8,21.5,624,29.3,1616,,,,,,,12.5,5.7,1100,2.69,16.74,24.5,18.4,23.8,24.2,23.7,23.7,25.5,25.8,26.1,23.3,19.2,3.4,4.9,,,
108,서울,2025-09-15,25.7,20.8,638,30.7,1447,,,,,,,12.4,9.4,1400,2.53,18.66,25.3,16.5,24.5,24.6,24.2,24.4,25.7,25.4,26.1,23,19.1,3.5,5,,,
108,서울,2025-09-16,23.7,22.2,429,27.1,1327,4.27,9.7,1352,14.8,1352,17.5,12.4,.7,800,.83,5.11,23.2,18.3,23.2,24.1,24.3,24.2,25.8,25.5,25.8,22.8,19.2,1,1.4,19,{비}1059-1115. {비}1330-{비}{강도1}1500-1610. {비}1805-1830. {비}1840-1935. {박무}2250-{박무}{강도0}2400-,
108,서울,2025-09-17,22.7,21.2,2354,24,837,8.5,21.5,1044,41.2,1010,52.7,12.4,.4,1200,.94,3.54,23.4,18.1,22.9,23.6,23.6,23.7,25.6,25.4,25.7,22.7,19.3,.8,1.2,51.2,-{박무}-{박무}{강도0}0300-{박무}{강도0}0600-{박무}{강도0}0900-1130. {비}0648-0658. {비}0755-{비}{강도0}0900-{비}{강도1}1200-1250. {비}1320-{비}{강도0}1500-1645.,
108,서울,2025-09-18,22.1,19.6,606,26,1513,,,,,,,12.3,6.1,1300,3.06,17.27,22.5,16.9,22.9,23.1,23,23.2,25.1,25.2,25.8,23.7,19.2,4,5.7,0,,
108,서울,2025-09-19,19.4,17.9,2352,21.4,1152,15.08,2.5,2347,7.1,2325,13.8,12.3,0,1100,.79,4.73,20.2,16.7,21.5,21.7,22.4,23.1,25.1,25.2,25.8,23.5,19.3,1.1,1.5,49.1,{비}0855-{비}{강도0}0900-{비}{강도0}1200-{비}{강도0}1500-{비}{강도0}1800-{비}{강도0}2100-{비}{강도1}2400- {박무}2125-2210.,
108,서울,2025-09-20,20,17.5,336,23.6,1635,8.58,2.8,234,11.6,204,35.3,12.3,1.2,1300,1.61,8.41,21.1,16.8,20.3,20.6,21,21.5,24.1,25,25.7,23.4,19.4,1.8,2.6,0,-{비}-{비}{강도1}0300-{비}{강도0}0600-0640. {이슬비}0730-0830. {박무}0750-0805. {비}1750-{비}{강도0}1800-1845.,
108,서울,2025-09-21,21.6,17.2,540,27.3,1507,,,,,,,12.2,10.2,1200,3.1,22.01,21.9,14,21.5,21.6,21.6,21.9,23.9,24.8,25.6,23.9,19.6,4.5,6.5,,,
108,서울,2025-09-22,21.3,17.6,636,25.1,1341,,,,,,,12.2,4.3,1100,2.51,14.98,20.5,14.3,21.2,21.5,21.8,22.1,24,24.5,25.4,23.6,19.8,3.3,4.7,,,
108,서울,2025-09-23,22.7,19.2,626,26.8,1530,.83,0,,0,,0,12.1,5.2,1200,2.96,16.89,22.5,16.2,22,21.9,21.8,22,23.9,24.5,25.4,23.3,19.8,4.1,5.8,0,{비}1907-1922. {비}2157-2217. {비}2235-2250.,
108,서울,2025-09-24,22,20.4,340,23.7,1144,11.5,10.2,1330,24.6,1315,35.2,12.1,.1,800,.49,2.84,21.2,16.2,21.3,21.6,21.8,22.2,24.1,24.3,25.2,23.1,19.7,.8,1.1,35.5,{비}1110-{비}{강도0}1200-{비}{강도1}1500-{비}{강도0}1800-{비}{강도0}2100-2150. {박무}2145-2350. {이슬비}2250-2340.,
108,서울,2025-09-25,22.5,20.2,2351,26.4,1622,1.25,.2,,.3,10,.3,12.1,5.5,1400,2.15,13.81,22.6,15.4,22.3,22.4,22.1,22.3,23.8,24.1,25,23,19.6,2.5,3.6,,{비}0010-0110. {비}0330-0345. {박무}2345-{박무}{강도0}2400-,
108,서울,2025-09-26,21.7,17.8,626,27.1,1543,,,,,,,12,8.1,1200,2.92,18.53,21.7,12.4,21.5,21.8,21.9,22.1,24.1,24,24.8,23.1,19.7,3.4,4.8,,-{박무}-{박무}{강도0}0300-{박무}{강도0}0600-{박무}{강도0}0900-1105.,
108,서울,2025-09-27,22.5,17.6,617,27.2,1420,,,,,,,12,8.3,1100,2.59,16.5,22,13.8,21.8,21.9,21.8,22.2,23.2,24.1,24.6,23.1,19.9,2.9,4.2,23.1,,
108,서울,2025-09-28,20,18.4,1000,21.9,1411,7.92,2.4,948,13,901,44.5,11.9,.9,1300,1.84,5.86,20.9,16.7,20.8,21.1,21.4,21.8,23.8,23.9,24.7,22.9,20,1.2,1.7,21.4,{비}0420-{비}{강도0}0600-{비}{강도1}0900-{비}{강도0}1200-1215.,
108,서울,2025-09-29,19.6,16.6,656,23.9,1454,,,,,,,11.9,4.9,1300,2.01,11.97,20,13.5,20.3,20.6,20.8,21.3,23.4,23.8,24.6,23.4,20,2.1,3,,{박무}0535-{박무}{강도0}0600-0755. {햇무리}0950-1035.,
108,서울,2025-09-30,19.8,17.3,625,24,1409,,,,,,,11.8,1.2,1300,2.04,8.56,19.8,13,20.2,20.3,20.6,20.9,23.1,23.6,24.5,23.2,19.9,1.6,2.3,,{박무}0450-{박무}{강도0}0600-0835. {박무}1050-{박무}{강도0}1200-1335. {박무}2020-{박무}{강도0}2100-{박무}{강도0}2400-,
